Tissue name,Tissue sample size,# Trios tested,# SNPs,# Genes,# M0,# M1,# M2,# M3,# M4,# Others,% M0,% M1,% M2,% M3,% M4,% Others,# M1 in GMAC (GTEx v6),# Trios tested in GMAC (GTEx v6)
Adipose - Subcutaneous                     ,581,11850,15065,56200,3581,130,50,7521,564,4,0.33350211,0.010379747,0.000506329,0.640337553,0.013839662,0.001434599,325,3332
Adipose - Visceral (Omentum)               ,469,8932,12076,56200,3074,121,43,5283,406,5,0.363076579,0.012427228,0.001343484,0.607814599,0.01421854,0.00111957,125,1410
Adrenal Gland                              ,233,5052,7827,56200,1907,74,20,2825,221,5,0.413103721,0.012866192,0.000791766,0.560768013,0.010688836,0.001781473,94,981
Artery - Aorta                             ,387,8607,12047,56200,3030,111,35,5056,372,3,0.379807134,0.010688974,0.000697107,0.594632276,0.012083188,0.002091321,186,2009
Artery - Coronary                          ,213,3934,6107,56200,1489,73,14,2170,187,1,0.400355872,0.017793594,0.001270971,0.563294357,0.016014235,0.001270971,95,874
Artery - Tibial                            ,584,11471,14462,56200,3474,113,42,7320,514,8,0.358469183,0.007845872,0.000435882,0.6179932,0.012902101,0.002353762,281,2699
Brain - Amygdala                           ,129,2003,3647,56200,946,67,8,896,85,1,0.5332002,0.018971543,0.000998502,0.432850724,0.011982027,0.001997004,NA,NA
Brain - Anterior cingulate cortex (BA24)   ,147,3275,5496,56200,1354,106,5,1664,145,1,0.453435115,0.021984733,0.000610687,0.510839695,0.010076336,0.003053435,29,365
Brain - Caudate (basal ganglia)            ,194,5101,8140,56200,2040,150,14,2638,257,2,0.423838463,0.021172319,0.00019604,0.535973339,0.015879239,0.0029406,61,763
Brain - Cerebellar Hemisphere              ,175,6021,9560,56200,2313,153,16,3298,240,1,0.400597907,0.018435476,0.000498256,0.567845873,0.01145989,0.001162598,116,1072
Brain - Cerebellum                         ,209,6998,10707,56200,2364,146,15,4184,288,1,0.365104316,0.016290369,0.000857388,0.606744784,0.010431552,0.000571592,84,1295
Brain - Cortex                             ,205,5374,8852,56200,2045,113,23,2953,237,3,0.423706736,0.014700409,0.001302568,0.549125419,0.008373651,0.002791217,45,754
Brain - Frontal Cortex (BA9)               ,175,4408,7159,56200,2159,92,19,1985,151,2,0.529718693,0.014519056,0.000453721,0.444646098,0.007259528,0.003402904,52,595
Brain - Hippocampus                        ,165,3145,5399,56200,1563,95,13,1331,140,3,0.5354531,0.026391097,0.000317965,0.421621622,0.009220986,0.006995231,47,343
Brain - Hypothalamus                       ,170,3063,5350,56200,1531,89,13,1311,119,0,0.536728697,0.022200457,0.001305909,0.426705844,0.011100229,0.001958864,41,343
Brain - Nucleus accumbens (basal ganglia)  ,202,5033,7975,56200,2137,122,16,2516,239,3,0.472878999,0.020464931,0.000794755,0.490164912,0.011523942,0.004172462,43,592
Brain - Putamen (basal ganglia)            ,170,4011,6751,56200,1764,108,10,1919,208,2,0.471453503,0.020693094,0.000747943,0.491149339,0.013213662,0.002742458,35,482
Brain - Spinal cord (cervical c-1)         ,126,2384,4346,56200,1071,80,6,1122,103,2,0.49454698,0.026845638,0.000838926,0.466862416,0.007969799,0.002936242,NA,NA
Brain - Substantia nigra                   ,114,1729,3220,56200,862,75,10,704,78,0,0.550028918,0.030075188,0.000578369,0.402544824,0.013880856,0.002891845,NA,NA
Breast - Mammary Tissue                    ,396,7457,10482,56200,2589,115,30,4330,388,5,0.367439989,0.015019445,0.000670511,0.597693442,0.017835591,0.001341022,126,1422
Cells - Cultured fibroblasts               ,483,11378,14675,56200,3807,139,58,6845,521,8,0.401124978,0.011074002,0.000791,0.57409035,0.010195113,0.002724556,340,3000
Cells - EBV-transformed lymphocytes        ,147,3138,4740,56200,1152,62,5,1808,111,0,0.401210962,0.01402167,0.000318674,0.571064372,0.013065647,0.000318674,78,856
Colon - Sigmoid                            ,318,7110,10200,56200,2714,123,29,3944,297,3,0.396905767,0.015471167,0.000421941,0.572714487,0.013361463,0.001125176,108,968
Colon - Transverse                         ,368,8229,11303,56200,3134,155,29,4526,378,7,0.39761818,0.01676996,0.00085065,0.566168429,0.016283874,0.002308908,161,1585
Esophagus - Gastroesophageal Junction      ,330,7175,10179,56200,2457,112,36,4209,357,4,0.342439024,0.015609756,0.005017422,0.586620209,0.049756098,0.000557491,74,857
Esophagus - Mucosa                         ,497,10788,14159,56200,3547,127,47,6583,478,6,0.32879125,0.01177234,0.004356693,0.610215054,0.044308491,0.000556174,242,2640
Esophagus - Muscularis                     ,465,10223,13642,56200,3477,118,50,6123,449,6,0.340115426,0.0115426,0.004890932,0.598943559,0.043920571,0.000586912,230,2431
Heart - Atrial Appendage                   ,372,7687,10682,56200,2851,115,39,4313,360,9,0.370885911,0.014960323,0.005073501,0.561077143,0.046832314,0.001170808,103,1221
Heart - Left Ventricle                     ,386,6572,9392,56200,2430,98,22,3649,366,7,0.369750456,0.014911747,0.003347535,0.555234327,0.055690809,0.001065125,115,1290
Liver                                      ,208,3488,5553,56200,1478,88,13,1722,185,2,0.423738532,0.025229358,0.003727064,0.493692661,0.053038991,0.000573394,41,496
Lung                                       ,515,10235,13622,56200,3061,113,35,6514,507,5,0.299071812,0.011040547,0.003419638,0.636443576,0.049535906,0.00048852,323,2762
Minor Salivary Gland                       ,144,2889,4668,56200,1318,82,13,1383,93,0,0.456213223,0.028383524,0.004499827,0.478712357,0.03219107,0,NA,NA
Muscle - Skeletal                          ,706,10257,13131,56200,3722,103,49,5889,481,13,0.362874135,0.010041923,0.004777225,0.574144487,0.046894804,0.001267427,264,2387
Nerve - Tibial                             ,532,13118,16597,56200,3252,116,39,9067,635,9,0.247903644,0.008842811,0.002973014,0.691187681,0.048406769,0.00068608,326,3812
Ovary                                      ,167,3284,5316,56200,1543,68,13,1551,109,0,0.469853837,0.020706456,0.003958587,0.47228989,0.03319123,0,43,469
Pancreas                                   ,305,6440,9324,56200,2132,103,18,3847,336,4,0.331055901,0.015993789,0.002795031,0.597360248,0.052173913,0.000621118,102,1270
Pituitary                                  ,237,5587,8806,56200,2002,109,25,3214,236,1,0.358331842,0.019509576,0.004474673,0.575264006,0.042240916,0.000178987,61,732
Prostate                                   ,221,4735,7100,56200,1876,93,10,2541,215,0,0.396198522,0.019640971,0.002111932,0.536642027,0.045406547,0,54,474
Skin - Not Sun Exposed (Suprapubic)        ,517,11403,15008,56200,3788,119,41,6983,464,8,0.332193282,0.01043585,0.003595545,0.612382706,0.040691046,0.00070157,177,1961
Skin - Sun Exposed (Lower leg)             ,605,13045,16423,56200,3774,123,62,8478,605,3,0.289306248,0.0094289,0.004752779,0.649904178,0.046377923,0.000229973,330,3273
Small Intestine - Terminal Ileum           ,174,4317,6483,56200,1969,131,16,1992,206,3,0.456103776,0.030345147,0.003706278,0.46143155,0.047718323,0.000694927,39,434
Spleen                                     ,227,7315,10413,56200,2797,132,29,4028,324,5,0.382365003,0.018045113,0.003964457,0.550649351,0.04429255,0.000683527,68,825
Stomach                                    ,324,5950,8520,56200,2185,109,28,3306,317,5,0.367226891,0.018319328,0.004705882,0.555630252,0.053277311,0.000840336,107,1153
Testis                                     ,322,12867,18184,56200,3634,159,23,8543,505,3,0.282427916,0.012357193,0.001787518,0.66394653,0.039247688,0.000233155,267,3896
Thyroid                                    ,574,13224,16932,56200,3642,138,43,8688,707,6,0.275408348,0.010435572,0.003251664,0.656987296,0.0534634,0.000453721,376,3894
Uterus                                     ,129,2047,3422,56200,841,40,2,1069,95,0,0.410845139,0.019540791,0.00097704,0.52222765,0.04640938,0,25,287
Vagina                                     ,141,2251,3607,56200,1039,73,14,1030,95,0,0.461572634,0.032430031,0.006219458,0.457574411,0.042203465,0,25,248
Whole Blood                                ,670,8823,11847,56200 ,3084,113,52,4979,588,7,0.349540972,0.012807435,0.005893687,0.564320526,0.066643999,0.000793381,281,2274
