"","SNP","gene_name","cis.gene.ID","obs.reads","expected","total_NA's","P(>obs)","BY","HB.Adjusted","qvals","cis.chr","trans.gene.ID","trans.chr","variant.pos","trans.left","trans.right","variant.lower.bound","variant.upper.bound","trans.lower.bound","trans.upper.bound"
"40","chr15_30407570_C_T_b38","GOLGA8H","ENSG00000261794",31,16.826549548435,1917,0.0643325497958679,1,1,0.401331245105717,"15","ENSG00000175344","15",30407570,31923438,32173018,30307570,30507570,31823438,32273018
"23","chr16_74391723_CCCTCTTCCACCCTCT_C_b38","RP11-252A24","ENSG00000261079",37,17.7398581044206,4503,0.0700382026559942,1,1,0.401331245105717,"16","ENSG00000090857","16",74391723,70113626,70162537,74291723,74491723,70013626,70262537
"43","chr11_212262_T_C_b38","BET1L","ENSG00000177951",2,1.08351177730193,9066,0.0792291220556745,1,1,0.401331245105717,"11","ENSG00000186792","3",212262,50292831,50299405,112262,312262,50192831,50399405
"88","chr1_146468581_A_G_b38","POLR3C","ENSG00000186141",2,1.08927038626609,8835,0.0815450643776824,1,1,0.401331245105717,"1","ENSG00000218300","6",146468581,89876544,89876878,146368581,146568581,89776544,89976878
"69","chr13_110482511_T_C_b38","COL4A2","ENSG00000134871",2,1.1256323777403,8814,0.116357504215852,1,1,0.401331245105717,"13","ENSG00000139626","12",110482511,53191323,53207282,110382511,110582511,53091323,53307282
"36","chr18_26863457_C_T_b38","AQP4","ENSG00000171885",2,1.13292117465224,9353,0.120556414219474,1,1,0.401331245105717,"18","ENSG00000047662","4",26863457,17629306,17781621,26763457,26963457,17529306,17881621
"25","chr17_56819579_G_A_b38","C17orf67","ENSG00000214226",2,1.1374269005848,9316,0.12719298245614,1,1,0.401331245105717,"17","ENSG00000185002","6",56819579,116877212,116932161,56719579,56919579,116777212,117032161
"14","chr6_31274954_T_A_b38","HLA-B","ENSG00000234745",14,12.2508483424693,2338,0.128425998433829,1,1,0.401331245105717,"6","ENSG00000206341","6",31274954,29887752,29890482,31174954,31374954,29787752,29990482
"6","chr2_88997694_T_C_b38","IGKV1D-27","ENSG00000224607",7,10.7029506191714,3459,0.242470570249197,1,1,0.673529361803326,"2","ENSG00000242580","2",88997694,90209873,90210529,88897694,89097694,90109873,90310529
"73","chr2_86815702_T_C_b38","CD8B","ENSG00000172116",3,9.53083028083028,3448,0.497557997557998,1,1,1,"2","ENSG00000254126","2",86815702,106487364,106544297,86715702,86915702,106387364,106644297
"4","chrX_154436152_A_G_b38","FAM50A","ENSG00000071859",1,1.09127789046653,9014,1,1,1,1,"X","ENSG00000233913","5",154436152,168616352,168616996,154336152,154536152,168516352,168716996
"5","chr1_46309111_A_G_b38","UQCRH","ENSG00000173660",1,10.2713979333203,4871,1,1,1,1,"1","ENSG00000233954","1",46309111,15807169,15809348,46209111,46409111,15707169,15909348
"15","chrX_154403855_T_G_b38","DNASE1L1","ENSG00000013563",1,1.0948745910578,9083,1,1,1,1,"X","ENSG00000233913","5",154403855,168616352,168616996,154303855,154503855,168516352,168716996
"17","chr16_56926869_C_T_b38","HERPUD1","ENSG00000051108",1,1.09148264984227,9683,1,1,1,1,"16","ENSG00000123838","1",56926869,207104233,207144972,56826869,57026869,207004233,207244972
"21","chr9_85085401_C_T_b38","RP11-213G2","ENSG00000165121",1,1.11524822695035,8872,1,1,1,1,"9","ENSG00000212156","10",85085401,2199387,2199488,84985401,85185401,2099387,2299488
"27","chr13_91324361_C_T_b38","MIR17HG","ENSG00000215417",1,1.09801324503311,9245,1,1,1,1,"13","ENSG00000248311","5",91324361,4775476,4805769,91224361,91424361,4675476,4905769
"37","chr2_43123728_C_T_b38","THADA","ENSG00000115970",1,1.09961315280464,8966,1,1,1,1,"2","ENSG00000207416","21",43123728,36986739,36986851,43023728,43223728,36886739,37086851
"44","chr17_64483156_A_C_b38","CEP95","ENSG00000258890",1,1.12208398133748,8714,1,1,1,1,"17","ENSG00000179168","19",64483156,38384267,38388082,64383156,64583156,38284267,38488082
"52","chr16_8968775_CG_C_b38","USP7","ENSG00000187555",1,1.11475409836066,9207,1,1,1,1,"16","ENSG00000255347","11",8968775,40083710,40084517,8868775,9068775,39983710,40184517
"53","chr14_76222935_A_G_b38","RP11-488C13","ENSG00000259081",1,1.10531220876048,8927,1,1,1,1,"14","ENSG00000240481","12",76222935,24706788,24707083,76122935,76322935,24606788,24807083
"62","chr7_6679043_T_C_b38","ZNF12","ENSG00000164631",1,1.11596958174905,8948,1,1,1,1,"7","ENSG00000196312","9",6679043,96887373,97013708,6579043,6779043,96787373,97113708
"76","chr10_60272855_T_C_b38","CCDC6","ENSG00000108091",1,1.13293943870015,8646,1,1,1,1,"10","ENSG00000275107","17",60272855,44207771,44207839,60172855,60372855,44107771,44307839
"78","chr19_58297788_T_G_b38","ZNF8","ENSG00000278129",1,12.2220487195503,3596,1,1,1,1,"19","ENSG00000105700","19",58297788,18557762,18569387,58197788,58397788,18457762,18669387
"82","chr15_48882123_G_A_b38","CTD-2647E9","ENSG00000259188",1,1.10706150341686,9561,1,1,1,1,"15","ENSG00000235232","2",48882123,139668547,139669305,48782123,48982123,139568547,139769305
"90","chr16_30587645_T_C_b38","FBXL19","ENSG00000099364",1,1.15583596214511,8415,1,1,1,1,"16","ENSG00000167104","20",30587645,33031648,33044047,30487645,30687645,32931648,33144047
"1","chr19_8322323_G_A_b38","RPS28","ENSG00000233927",NA,NA,NA,NA,NA,NA,NA,"19","ENSG00000237039","2",8322323,231256097,231256306,8222323,8422323,231156097,231356306
"2","chr16_16214818_C_T_b38","RP11-958N24","ENSG00000227827",NA,NA,NA,NA,NA,NA,NA,"16","ENSG00000254681","16",16214818,18374521,18401940,16114818,16314818,18274521,18501940
"3","chr21_5097921_C_T_b38","CH507-9B2","ENSG00000280071",NA,NA,NA,NA,NA,NA,NA,"21","ENSG00000160221","21",5097921,44133610,44210114,4997921,5197921,44033610,44310114
"7","chr16_31468997_C_G_b38","TGFB1I1","ENSG00000140682",NA,NA,NA,NA,NA,NA,NA,"16","ENSG00000072958","19",31468997,16197578,16245907,31368997,31568997,16097578,16345907
"8","chr14_99051297_G_GATAT_b38","RPL3P4","ENSG00000232573",NA,NA,NA,NA,NA,NA,NA,"14","ENSG00000225093","6",99051297,108004357,108005568,98951297,99151297,107904357,108105568
"9","chrX_85299449_T_C_b38","ZNF711","ENSG00000147180",NA,NA,NA,NA,NA,NA,NA,"X","ENSG00000254043","8",85299449,74891151,74896302,85199449,85399449,74791151,74996302
"10","chr9_65280293_G_A_b38","AQP7P2","ENSG00000181997",NA,NA,NA,NA,NA,NA,NA,"9","ENSG00000237238","9",65280293,63299453,63385117,65180293,65380293,63199453,63485117
"11","chr1_149740673_T_C_b38","RP11-353N4","ENSG00000234232",NA,NA,NA,NA,NA,NA,NA,"1","ENSG00000275585","1",149740673,120985692,121052167,149640673,149840673,120885692,121152167
"12","chr11_49145178_A_G_b38","FOLH1","ENSG00000086205",NA,NA,NA,NA,NA,NA,NA,"11","ENSG00000134612","11",49145178,89639237,89698718,49045178,49245178,89539237,89798718
"13","chr17_16759591_C_T_b38","USP32P1","ENSG00000188933",NA,NA,NA,NA,NA,NA,NA,"17","ENSG00000273018","17",16759591,18511221,18551705,16659591,16859591,18411221,18651705
"16","chr14_20730940_C_T_b38","RNASE6","ENSG00000169413",NA,NA,NA,NA,NA,NA,NA,"14","ENSG00000144285","2",20730940,165984641,166149214,20630940,20830940,165884641,166249214
"18","chr9_136741140_C_G_b38","LCN10","ENSG00000187922",NA,NA,NA,NA,NA,NA,NA,"9","ENSG00000212347","X",136741140,45892912,45892979,136641140,136841140,45792912,45992979
"19","chr16_21822349_G_A_b38","UQCRC2","ENSG00000140740",NA,NA,NA,NA,NA,NA,NA,"16","ENSG00000207271","10",21822349,36626015,36626138,21722349,21922349,36526015,36726138
"20","chr10_73860311_C_T_b38","BMS1P4","ENSG00000242338",NA,NA,NA,NA,NA,NA,NA,"10","ENSG00000255457","8",73860311,13695574,13705506,73760311,73960311,13595574,13805506
"22","chr14_93806549_G_T_b38","PRIMA1","ENSG00000175785",NA,NA,NA,NA,NA,NA,NA,"14","ENSG00000229457","2",93806549,107254691,107365873,93706549,93906549,107154691,107465873
"24","chr5_167007602_A_G_b38","CTB-63M22","ENSG00000229119",NA,NA,NA,NA,NA,NA,NA,"5","ENSG00000252713","7",167007602,73507208,73507274,166907602,167107602,73407208,73607274
"26","chr5_118797637_G_A_b38","DMXL1","ENSG00000172869",NA,NA,NA,NA,NA,NA,NA,"5","ENSG00000215398","14",118797637,18333726,18341859,118697637,118897637,18233726,18441859
"28","chr11_65001712_AG_A_b38","BATF2","ENSG00000168062",NA,NA,NA,NA,NA,NA,NA,"11","ENSG00000100908","14",65001712,24138959,24141591,64901712,65101712,24038959,24241591
"29","chr10_128084029_AAG_A_b38","PTPRE","ENSG00000132334",NA,NA,NA,NA,NA,NA,NA,"10","ENSG00000184389","1",128084029,33306766,33321098,127984029,128184029,33206766,33421098
"30","chr5_2304825_T_G_b38","IRX2","ENSG00000170561",NA,NA,NA,NA,NA,NA,NA,"5","ENSG00000253198","8",2304825,43674270,43674591,2204825,2404825,43574270,43774591
"31","chr17_53443132_C_CA_b38","MTCO1P40","ENSG00000262902",NA,NA,NA,NA,NA,NA,NA,"17","ENSG00000233913","5",53443132,168616352,168616996,53343132,53543132,168516352,168716996
"32","chr19_9941494_C_A_b38","OLFM2","ENSG00000105088",NA,NA,NA,NA,NA,NA,NA,"19","ENSG00000254427","11",9941494,45355371,45367490,9841494,10041494,45255371,45467490
"33","chr8_24351093_C_T_b38","ADAMDEC1","ENSG00000134028",NA,NA,NA,NA,NA,NA,NA,"8","ENSG00000233913","5",24351093,168616352,168616996,24251093,24451093,168516352,168716996
"34","chr16_22095970_G_A_b38","DNAH3","ENSG00000158486",NA,NA,NA,NA,NA,NA,NA,"16","ENSG00000243059","15",22095970,21102843,21103138,21995970,22195970,21002843,21203138
"35","chr9_109845096_A_G_b38","PALM2","ENSG00000243444",NA,NA,NA,NA,NA,NA,NA,"9","ENSG00000259937","12",109845096,33404872,33405896,109745096,109945096,33304872,33505896
"38","chr16_67072570_G_A_b38","GFOD2","ENSG00000141098",NA,NA,NA,NA,NA,NA,NA,"16","ENSG00000222376","2",67072570,166180652,166180966,66972570,67172570,166080652,166280966
"39","chr2_156945197_G_A_b38","RP11-1152H14","ENSG00000271320",NA,NA,NA,NA,NA,NA,NA,"2","ENSG00000206802","21",156945197,26190707,26190813,156845197,157045197,26090707,26290813
"41","chr7_74822222_C_T_b38","GTF2IRD2B","ENSG00000174428",NA,NA,NA,NA,NA,NA,NA,"7","ENSG00000214544","7",74822222,73242751,73280119,74722222,74922222,73142751,73380119
"42","chr12_118175452_T_C_b38","TAOK3","ENSG00000135090",NA,NA,NA,NA,NA,NA,NA,"12","ENSG00000275612","11",118175452,7698951,7699393,118075452,118275452,7598951,7799393
"45","chr6_152240063_C_A_b38","ARMT1","ENSG00000146476",NA,NA,NA,NA,NA,NA,NA,"6","ENSG00000259061","14",152240063,86936640,86989125,152140063,152340063,86836640,87089125
"46","chr18_69146235_C_T_b38","SDHCP1","ENSG00000264444",NA,NA,NA,NA,NA,NA,NA,"18","ENSG00000195401","10",69146235,68735720,68735823,69046235,69246235,68635720,68835823
"47","chr13_21872617_G_A_b38","FGF9","ENSG00000102678",NA,NA,NA,NA,NA,NA,NA,"13","ENSG00000254726","1",21872617,156072013,156082465,21772617,21972617,155972013,156182465
"48","chr22_20616389_T_C_b38","XXbac-B562F10","ENSG00000215493",NA,NA,NA,NA,NA,NA,NA,"22","ENSG00000226523","2",20616389,42680088,42680279,20516389,20716389,42580088,42780279
"49","chr5_82434818_T_C_b38","XRCC4","ENSG00000152422",NA,NA,NA,NA,NA,NA,NA,"5","ENSG00000275130","9",82434818,11618496,11618621,82334818,82534818,11518496,11718621
"50","chr12_49320320_A_G_b38","TROAP","ENSG00000135451",NA,NA,NA,NA,NA,NA,NA,"12","ENSG00000172799","2",49320320,231433923,231434426,49220320,49420320,231333923,231534426
"51","chr6_75548254_G_A_b38","COL12A1","ENSG00000111799",NA,NA,NA,NA,NA,NA,NA,"6","ENSG00000166923","15",75548254,32718004,32745106,75448254,75648254,32618004,32845106
"54","chr16_29422573_C_T_b38","PPP4C","ENSG00000149923",NA,NA,NA,NA,NA,NA,NA,"16","ENSG00000275523","21",29422573,39447010,39447069,29322573,29522573,39347010,39547069
"55","chr20_3333859_A_G_b38","SLC4A11","ENSG00000088836",NA,NA,NA,NA,NA,NA,NA,"20","ENSG00000271435","2",3333859,130313934,130314411,3233859,3433859,130213934,130414411
"56","chr19_7894384_T_C_b38","SNAPC2","ENSG00000104976",NA,NA,NA,NA,NA,NA,NA,"19","ENSG00000187726","11",7894384,73950319,73970366,7794384,7994384,73850319,74070366
"57","chr6_30744028_C_G_b38","ABCF1","ENSG00000204574",NA,NA,NA,NA,NA,NA,NA,"6","ENSG00000269281","X",30744028,52770809,52771080,30644028,30844028,52670809,52871080
"58","chr2_19751741_A_G_b38","OSR1","ENSG00000143867",NA,NA,NA,NA,NA,NA,NA,"2","ENSG00000196312","9",19751741,96887373,97013708,19651741,19851741,96787373,97113708
"59","chr6_11356011_A_G_b38","ADTRP","ENSG00000111863",NA,NA,NA,NA,NA,NA,NA,"6","ENSG00000196510","12",11356011,110372900,110403730,11256011,11456011,110272900,110503730
"60","chr17_38923170_C_T_b38","CTD-2206N4","ENSG00000263818",NA,NA,NA,NA,NA,NA,NA,"17","ENSG00000222652","6",38923170,76092834,76092940,38823170,39023170,75992834,76192940
"61","chr3_186203929_C_T_b38","SNORA63","ENSG00000200418",NA,NA,NA,NA,NA,NA,NA,"3","ENSG00000215288","8",186203929,27011121,27012371,186103929,186303929,26911121,27112371
"63","chr1_158827115_T_A_b38","MNDA","ENSG00000163563",NA,NA,NA,NA,NA,NA,NA,"1","ENSG00000104783","19",158827115,43766533,43781257,158727115,158927115,43666533,43881257
"64","chr4_152685568_A_G_b38","FHDC1","ENSG00000137460",NA,NA,NA,NA,NA,NA,NA,"4","ENSG00000222376","2",152685568,166180652,166180966,152585568,152785568,166080652,166280966
"65","chr19_48550243_T_C_b38","CTC-301O7","ENSG00000197813",NA,NA,NA,NA,NA,NA,NA,"19","ENSG00000234658","7",48550243,138645671,138646448,48450243,48650243,138545671,138746448
"66","chr7_148698298_G_A_b38","RP5-1136G13","ENSG00000273314",NA,NA,NA,NA,NA,NA,NA,"7","ENSG00000201752","4",148698298,116839279,116839385,148598298,148798298,116739279,116939385
"67","chr19_12140168_C_G_b38","ZNF69","ENSG00000198429",NA,NA,NA,NA,NA,NA,NA,"19","ENSG00000227683","10",12140168,45164228,45181427,12040168,12240168,45064228,45281427
"68","chr3_57619818_C_T_b38","APPL1","ENSG00000157500",NA,NA,NA,NA,NA,NA,NA,"3","ENSG00000265932","7",57619818,19705358,19705436,57519818,57719818,19605358,19805436
"70","chr11_12189876_T_A_b38","MICAL2","ENSG00000133816",NA,NA,NA,NA,NA,NA,NA,"11","ENSG00000228730","3",12189876,190680421,190699314,12089876,12289876,190580421,190799314
"71","chr1_55004480_C_T_b38","TMEM59","ENSG00000116209",NA,NA,NA,NA,NA,NA,NA,"1","ENSG00000207271","10",55004480,36626015,36626138,54904480,55104480,36526015,36726138
"72","chrX_100516775_C_T_b38","HNRNPH2","ENSG00000126945",NA,NA,NA,NA,NA,NA,NA,"X","ENSG00000254579","11",100516775,40444371,40513269,100416775,100616775,40344371,40613269
"74","chr6_143908252_T_C_b38","FUCA2","ENSG00000001036",NA,NA,NA,NA,NA,NA,NA,"6","ENSG00000201715","5",143908252,17345616,17345955,143808252,144008252,17245616,17445955
"75","chr12_79784781_C_T_b38","PAWR","ENSG00000177425",NA,NA,NA,NA,NA,NA,NA,"12","ENSG00000226632","20",79784781,3361880,3362324,79684781,79884781,3261880,3462324
"77","chr11_119022077_C_T_b38","PDZD3","ENSG00000172367",NA,NA,NA,NA,NA,NA,NA,"11","ENSG00000205929","21",119022077,32790673,32813743,118922077,119122077,32690673,32913743
"79","chr7_112168339_C_T_b38","ZNF277","ENSG00000198839",NA,NA,NA,NA,NA,NA,NA,"7","ENSG00000224217","X",112168339,116748530,116748877,112068339,112268339,116648530,116848877
"80","chr12_46892774_G_C_b38","RP11-474P2","ENSG00000278896",NA,NA,NA,NA,NA,NA,NA,"12","ENSG00000273836","8",46892774,27433370,27433434,46792774,46992774,27333370,27533434
"81","chr4_51884244_C_G_b38","DCUN1D4","ENSG00000109184",NA,NA,NA,NA,NA,NA,NA,"4","ENSG00000268182","19",51884244,56643159,56657247,51784244,51984244,56543159,56757247
"83","chr1_119649808_C_T_b38","GAPDHP32","ENSG00000226443",NA,NA,NA,NA,NA,NA,NA,"1","ENSG00000280388","7",119649808,76043977,76045963,119549808,119749808,75943977,76145963
"84","chrX_41481809_C_T_b38","RN7SL15P","ENSG00000264573",NA,NA,NA,NA,NA,NA,NA,"X","ENSG00000201502","12",41481809,93266017,93266096,41381809,41581809,93166017,93366096
"85","chr11_32105392_T_C_b38","THEM7P","ENSG00000227160",NA,NA,NA,NA,NA,NA,NA,"11","ENSG00000214455","13",32105392,45390353,45391267,32005392,32205392,45290353,45491267
"86","chrX_134839107_G_A_b38","FAM122C","ENSG00000156500",NA,NA,NA,NA,NA,NA,NA,"X","ENSG00000236828","X",134839107,32754940,32756400,134739107,134939107,32654940,32856400
"87","chr1_218924074_A_C_b38","ZC3H11B","ENSG00000215817",NA,NA,NA,NA,NA,NA,NA,"1","ENSG00000252934","2",218924074,54166944,54167007,218824074,219024074,54066944,54267007
"89","chr17_27802186_G_A_b38","NOS2","ENSG00000007171",NA,NA,NA,NA,NA,NA,NA,"17","ENSG00000215353","21",27802186,19759359,19760128,27702186,27902186,19659359,19860128
