Accession,Title
GSM1286226,bsgs_1
GSM1286227,bsgs_2
GSM1286228,bsgs_3
GSM1286229,bsgs_4
GSM1286230,bsgs_5
GSM1286231,bsgs_6
GSM1286232,bsgs_7
GSM1286233,bsgs_8
GSM1286234,bsgs_9
GSM1286235,bsgs_10
GSM1286236,bsgs_11
GSM1286237,bsgs_12
GSM1286238,bsgs_13
GSM1286239,bsgs_14
GSM1286240,bsgs_15
GSM1286241,bsgs_16
GSM1286242,bsgs_17
GSM1286243,bsgs_18
GSM1286244,bsgs_19
GSM1286245,bsgs_20
GSM1286246,bsgs_21
GSM1286247,bsgs_22
GSM1286248,bsgs_23
GSM1286249,bsgs_24
GSM1286250,bsgs_25
GSM1286251,bsgs_26
GSM1286252,bsgs_27
GSM1286253,bsgs_28
GSM1286254,bsgs_29
GSM1286255,bsgs_30
GSM1286256,bsgs_31
GSM1286257,bsgs_32
GSM1286258,bsgs_33
GSM1286259,bsgs_34
GSM1286260,bsgs_35
GSM1286261,bsgs_36
GSM1286262,bsgs_37
GSM1286263,bsgs_38
GSM1286264,bsgs_39
GSM1286265,bsgs_40
GSM1286266,bsgs_41
GSM1286267,bsgs_42
GSM1286268,bsgs_43
GSM1286269,bsgs_44
GSM1286270,bsgs_45
GSM1286271,bsgs_46
GSM1286272,bsgs_47
GSM1286273,bsgs_48
GSM1286274,bsgs_49
GSM1286275,bsgs_50
GSM1286276,bsgs_51
GSM1286277,bsgs_52
GSM1286278,bsgs_53
GSM1286279,bsgs_54
GSM1286280,bsgs_55
GSM1286281,bsgs_56
GSM1286282,bsgs_57
GSM1286283,bsgs_58
GSM1286284,bsgs_59
GSM1286285,bsgs_60
GSM1286286,bsgs_61
GSM1286287,bsgs_62
GSM1286288,bsgs_63
GSM1286289,bsgs_64
GSM1286290,bsgs_65
GSM1286291,bsgs_66
GSM1286292,bsgs_67
GSM1286293,bsgs_68
GSM1286294,bsgs_69
GSM1286295,bsgs_70
GSM1286296,bsgs_71
GSM1286297,bsgs_72
GSM1286298,bsgs_73
GSM1286299,bsgs_74
GSM1286300,bsgs_75
GSM1286301,bsgs_76
GSM1286302,bsgs_77
GSM1286303,bsgs_78
GSM1286304,bsgs_79
GSM1286305,bsgs_80
GSM1286306,bsgs_81
GSM1286307,bsgs_82
GSM1286308,bsgs_83
GSM1286309,bsgs_84
GSM1286310,bsgs_85
GSM1286311,bsgs_86
GSM1286312,bsgs_87
GSM1286313,bsgs_88
GSM1286314,bsgs_89
GSM1286315,bsgs_90
GSM1286316,bsgs_91
GSM1286317,bsgs_92
GSM1286318,bsgs_93
GSM1286319,bsgs_94
GSM1286320,bsgs_95
GSM1286321,bsgs_96
GSM1286322,bsgs_97
GSM1286323,bsgs_98
GSM1286324,bsgs_99
GSM1286325,bsgs_100
GSM1286326,bsgs_101
GSM1286327,bsgs_102
GSM1286328,bsgs_103
GSM1286329,bsgs_104
GSM1286330,bsgs_105
GSM1286331,bsgs_106
GSM1286332,bsgs_107
GSM1286333,bsgs_108
GSM1286334,bsgs_109
GSM1286335,bsgs_110
GSM1286336,bsgs_111
GSM1286337,bsgs_112
GSM1286338,bsgs_113
GSM1286339,bsgs_114
GSM1286340,bsgs_115
GSM1286341,bsgs_116
GSM1286342,bsgs_117
GSM1286343,bsgs_118
GSM1286344,bsgs_119
GSM1286345,bsgs_120
GSM1286346,bsgs_121
GSM1286347,bsgs_122
GSM1286348,bsgs_123
GSM1286349,bsgs_124
GSM1286350,bsgs_125
GSM1286351,bsgs_126
GSM1286352,bsgs_127
GSM1286353,bsgs_128
GSM1286354,bsgs_129
GSM1286355,bsgs_130
GSM1286356,bsgs_131
GSM1286357,bsgs_132
GSM1286358,bsgs_133
GSM1286359,bsgs_134
GSM1286360,bsgs_135
GSM1286361,bsgs_136
GSM1286362,bsgs_137
GSM1286363,bsgs_138
GSM1286364,bsgs_139
GSM1286365,bsgs_140
GSM1286366,bsgs_141
GSM1286367,bsgs_142
GSM1286368,bsgs_143
GSM1286369,bsgs_144
GSM1286370,bsgs_145
GSM1286371,bsgs_146
GSM1286372,bsgs_147
GSM1286373,bsgs_148
GSM1286374,bsgs_149
GSM1286375,bsgs_150
GSM1286376,bsgs_151
GSM1286377,bsgs_152
GSM1286378,bsgs_153
GSM1286379,bsgs_154
GSM1286380,bsgs_155
GSM1286381,bsgs_156
GSM1286382,bsgs_157
GSM1286383,bsgs_158
GSM1286384,bsgs_159
GSM1286385,bsgs_160
GSM1286386,bsgs_161
GSM1286387,bsgs_162
GSM1286388,bsgs_163
GSM1286389,bsgs_164
GSM1286390,bsgs_165
GSM1286391,bsgs_166
GSM1286392,bsgs_167
GSM1286393,bsgs_168
GSM1286394,bsgs_169
GSM1286395,bsgs_170
GSM1286396,bsgs_171
GSM1286397,bsgs_172
GSM1286398,bsgs_173
GSM1286399,bsgs_174
GSM1286400,bsgs_175
GSM1286401,bsgs_176
GSM1286402,bsgs_177
GSM1286403,bsgs_178
GSM1286404,bsgs_179
GSM1286405,bsgs_180
GSM1286406,bsgs_181
GSM1286407,bsgs_182
GSM1286408,bsgs_183
GSM1286409,bsgs_184
GSM1286410,bsgs_185
GSM1286411,bsgs_186
GSM1286412,bsgs_187
GSM1286413,bsgs_188
GSM1286414,bsgs_189
GSM1286415,bsgs_190
GSM1286416,bsgs_191
GSM1286417,bsgs_192
GSM1286418,bsgs_193
GSM1286419,bsgs_194
GSM1286420,bsgs_195
GSM1286421,bsgs_196
GSM1286422,bsgs_197
GSM1286423,bsgs_198
GSM1286424,bsgs_199
GSM1286425,bsgs_200
GSM1286426,bsgs_201
GSM1286427,bsgs_202
GSM1286428,bsgs_203
GSM1286429,bsgs_204
GSM1286430,bsgs_205
GSM1286431,bsgs_206
GSM1286432,bsgs_207
GSM1286433,bsgs_208
GSM1286434,bsgs_209
GSM1286435,bsgs_210
GSM1286436,bsgs_211
GSM1286437,bsgs_212
GSM1286438,bsgs_213
GSM1286439,bsgs_214
GSM1286440,bsgs_215
GSM1286441,bsgs_216
GSM1286442,bsgs_217
GSM1286443,bsgs_218
GSM1286444,bsgs_219
GSM1286445,bsgs_220
GSM1286446,bsgs_221
GSM1286447,bsgs_222
GSM1286448,bsgs_223
GSM1286449,bsgs_224
GSM1286450,bsgs_225
GSM1286451,bsgs_226
GSM1286452,bsgs_227
GSM1286453,bsgs_228
GSM1286454,bsgs_229
GSM1286455,bsgs_230
GSM1286456,bsgs_231
GSM1286457,bsgs_232
GSM1286458,bsgs_233
GSM1286459,bsgs_234
GSM1286460,bsgs_235
GSM1286461,bsgs_236
GSM1286462,bsgs_237
GSM1286463,bsgs_238
GSM1286464,bsgs_239
GSM1286465,bsgs_240
GSM1286466,bsgs_241
GSM1286467,bsgs_242
GSM1286468,bsgs_243
GSM1286469,bsgs_244
GSM1286470,bsgs_245
GSM1286471,bsgs_246
GSM1286472,bsgs_247
GSM1286473,bsgs_248
GSM1286474,bsgs_249
GSM1286475,bsgs_250
GSM1286476,bsgs_251
GSM1286477,bsgs_252
GSM1286478,bsgs_253
GSM1286479,bsgs_254
GSM1286480,bsgs_255
GSM1286481,bsgs_256
GSM1286482,bsgs_257
GSM1286483,bsgs_258
GSM1286484,bsgs_259
GSM1286485,bsgs_260
GSM1286486,bsgs_261
GSM1286487,bsgs_262
GSM1286488,bsgs_263
GSM1286489,bsgs_264
GSM1286490,bsgs_265
GSM1286491,bsgs_266
GSM1286492,bsgs_267
GSM1286493,bsgs_268
GSM1286494,bsgs_269
GSM1286495,bsgs_270
GSM1286496,bsgs_271
GSM1286497,bsgs_272
GSM1286498,bsgs_273
GSM1286499,bsgs_274
GSM1286500,bsgs_275
GSM1286501,bsgs_276
GSM1286502,bsgs_277
GSM1286503,bsgs_278
GSM1286504,bsgs_279
GSM1286505,bsgs_280
GSM1286506,bsgs_281
GSM1286507,bsgs_282
GSM1286508,bsgs_283
GSM1286509,bsgs_284
GSM1286510,bsgs_285
GSM1286511,bsgs_286
GSM1286512,bsgs_287
GSM1286513,bsgs_288
GSM1286514,bsgs_289
GSM1286515,bsgs_290
GSM1286516,bsgs_291
GSM1286517,bsgs_292
GSM1286518,bsgs_293
GSM1286519,bsgs_294
GSM1286520,bsgs_295
GSM1286521,bsgs_296
GSM1286522,bsgs_297
GSM1286523,bsgs_298
GSM1286524,bsgs_299
GSM1286525,bsgs_300
GSM1286526,bsgs_301
GSM1286527,bsgs_302
GSM1286528,bsgs_303
GSM1286529,bsgs_304
GSM1286530,bsgs_305
GSM1286531,bsgs_306
GSM1286532,bsgs_307
GSM1286533,bsgs_308
GSM1286534,bsgs_309
GSM1286535,bsgs_310
GSM1286536,bsgs_311
GSM1286537,bsgs_312
GSM1286538,bsgs_313
GSM1286539,bsgs_314
GSM1286540,bsgs_315
GSM1286541,bsgs_316
GSM1286542,bsgs_317
GSM1286543,bsgs_318
GSM1286544,bsgs_319
GSM1286545,bsgs_320
GSM1286546,bsgs_321
GSM1286547,bsgs_322
GSM1286548,bsgs_323
GSM1286549,bsgs_324
GSM1286550,bsgs_325
GSM1286551,bsgs_326
GSM1286552,bsgs_327
GSM1286553,bsgs_328
GSM1286554,bsgs_329
GSM1286555,bsgs_330
GSM1286556,bsgs_331
GSM1286557,bsgs_332
GSM1286558,bsgs_333
GSM1286559,bsgs_334
GSM1286560,bsgs_335
GSM1286561,bsgs_336
GSM1286562,bsgs_337
GSM1286563,bsgs_338
GSM1286564,bsgs_339
GSM1286565,bsgs_340
GSM1286566,bsgs_341
GSM1286567,bsgs_342
GSM1286568,bsgs_343
GSM1286569,bsgs_344
GSM1286570,bsgs_345
GSM1286571,bsgs_346
GSM1286572,bsgs_347
GSM1286573,bsgs_348
GSM1286574,bsgs_349
GSM1286575,bsgs_350
GSM1286576,bsgs_351
GSM1286577,bsgs_352
GSM1286578,bsgs_353
GSM1286580,bsgs_354
GSM1286582,bsgs_355
GSM1286584,bsgs_356
GSM1286586,bsgs_357
GSM1286588,bsgs_358
GSM1286590,bsgs_359
GSM1286591,bsgs_360
GSM1286592,bsgs_361
GSM1286593,bsgs_362
GSM1286594,bsgs_363
GSM1286595,bsgs_364
GSM1286596,bsgs_365
GSM1286597,bsgs_366
GSM1286598,bsgs_367
GSM1286599,bsgs_368
GSM1286600,bsgs_369
GSM1286601,bsgs_370
GSM1286602,bsgs_371
GSM1286603,bsgs_372
GSM1286604,bsgs_373
GSM1286605,bsgs_374
GSM1286606,bsgs_375
GSM1286607,bsgs_376
GSM1286608,bsgs_377
GSM1286609,bsgs_378
GSM1286610,bsgs_379
GSM1286611,bsgs_380
GSM1286612,bsgs_381
GSM1286613,bsgs_382
GSM1286614,bsgs_383
GSM1286615,bsgs_384
GSM1286616,bsgs_385
GSM1286617,bsgs_386
GSM1286618,bsgs_387
GSM1286619,bsgs_388
GSM1286620,bsgs_389
GSM1286621,bsgs_390
GSM1286622,bsgs_391
GSM1286623,bsgs_392
GSM1286624,bsgs_393
GSM1286625,bsgs_394
GSM1286626,bsgs_395
GSM1286627,bsgs_396
GSM1286628,bsgs_397
GSM1286629,bsgs_398
GSM1286630,bsgs_399
GSM1286631,bsgs_400
GSM1286632,bsgs_401
GSM1286633,bsgs_402
GSM1286634,bsgs_403
GSM1286635,bsgs_404
GSM1286636,bsgs_405
GSM1286637,bsgs_406
GSM1286638,bsgs_407
GSM1286639,bsgs_408
GSM1286640,bsgs_409
GSM1286641,bsgs_410
GSM1286642,bsgs_411
GSM1286643,bsgs_412
GSM1286644,bsgs_413
GSM1286645,bsgs_414
GSM1286646,bsgs_415
GSM1286647,bsgs_416
GSM1286648,bsgs_417
GSM1286649,bsgs_418
GSM1286650,bsgs_419
GSM1286651,bsgs_420
GSM1286652,bsgs_421
GSM1286653,bsgs_422
GSM1286654,bsgs_423
GSM1286655,bsgs_424
GSM1286656,bsgs_425
GSM1286657,bsgs_426
GSM1286658,bsgs_427
GSM1286659,bsgs_428
GSM1286660,bsgs_429
GSM1286661,bsgs_430
GSM1286662,bsgs_431
GSM1286663,bsgs_432
GSM1286664,bsgs_433
GSM1286665,bsgs_434
GSM1286666,bsgs_435
GSM1286667,bsgs_436
GSM1286668,bsgs_437
GSM1286669,bsgs_438
GSM1286670,bsgs_439
GSM1286671,bsgs_440
GSM1286672,bsgs_441
GSM1286673,bsgs_442
GSM1286674,bsgs_443
GSM1286675,bsgs_444
GSM1286676,bsgs_445
GSM1286677,bsgs_446
GSM1286678,bsgs_447
GSM1286679,bsgs_448
GSM1286680,bsgs_449
GSM1286681,bsgs_450
GSM1286682,bsgs_451
GSM1286683,bsgs_452
GSM1286684,bsgs_453
GSM1286685,bsgs_454
GSM1286686,bsgs_455
GSM1286687,bsgs_456
GSM1286688,bsgs_457
GSM1286689,bsgs_458
GSM1286690,bsgs_459
GSM1286691,bsgs_460
GSM1286692,bsgs_461
GSM1286693,bsgs_462
GSM1286694,bsgs_463
GSM1286695,bsgs_464
GSM1286696,bsgs_465
GSM1286697,bsgs_466
GSM1286698,bsgs_467
GSM1286699,bsgs_468
GSM1286700,bsgs_469
GSM1286701,bsgs_470
GSM1286702,bsgs_471
GSM1286703,bsgs_472
GSM1286704,bsgs_473
GSM1286705,bsgs_474
GSM1286706,bsgs_475
GSM1286707,bsgs_476
GSM1286708,bsgs_477
GSM1286709,bsgs_478
GSM1286710,bsgs_479
GSM1286711,bsgs_480
GSM1286712,bsgs_481
GSM1286713,bsgs_482
GSM1286714,bsgs_483
GSM1286715,bsgs_484
GSM1286716,bsgs_485
GSM1286717,bsgs_486
GSM1286718,bsgs_487
GSM1286719,bsgs_488
GSM1286720,bsgs_489
GSM1286721,bsgs_490
GSM1286722,bsgs_491
GSM1286723,bsgs_492
GSM1286724,bsgs_493
GSM1286725,bsgs_494
GSM1286726,bsgs_495
GSM1286727,bsgs_496
GSM1286728,bsgs_497
GSM1286729,bsgs_498
GSM1286730,bsgs_499
GSM1286731,bsgs_500
GSM1286732,bsgs_501
GSM1286733,bsgs_502
GSM1286734,bsgs_503
GSM1286735,bsgs_504
GSM1286736,bsgs_505
GSM1286737,bsgs_506
GSM1286738,bsgs_507
GSM1286739,bsgs_508
GSM1286740,bsgs_509
GSM1286741,bsgs_510
GSM1286742,bsgs_511
GSM1286743,bsgs_512
GSM1286744,bsgs_513
GSM1286745,bsgs_514
GSM1286746,bsgs_515
GSM1286747,bsgs_516
GSM1286748,bsgs_517
GSM1286749,bsgs_518
GSM1286750,bsgs_519
GSM1286751,bsgs_520
GSM1286752,bsgs_521
GSM1286753,bsgs_522
GSM1286754,bsgs_523
GSM1286755,bsgs_524
GSM1286756,bsgs_525
GSM1286757,bsgs_526
GSM1286758,bsgs_527
GSM1286759,bsgs_528
GSM1286760,bsgs_529
GSM1286761,bsgs_530
GSM1286762,bsgs_531
GSM1286763,bsgs_532
GSM1286764,bsgs_533
GSM1286765,bsgs_534
GSM1286766,bsgs_535
GSM1286767,bsgs_536
GSM1286768,bsgs_537
GSM1286769,bsgs_538
GSM1286770,bsgs_539
GSM1286771,bsgs_540
GSM1286772,bsgs_541
GSM1286773,bsgs_542
GSM1286774,bsgs_543
GSM1286775,bsgs_544
GSM1286776,bsgs_545
GSM1286777,bsgs_546
GSM1286778,bsgs_547
GSM1286779,bsgs_548
GSM1286780,bsgs_549
GSM1286781,bsgs_550
GSM1286782,bsgs_551
GSM1286783,bsgs_552
GSM1286784,bsgs_553
GSM1286785,bsgs_554
GSM1286786,bsgs_555
GSM1286787,bsgs_556
GSM1286788,bsgs_557
GSM1286789,bsgs_558
GSM1286790,bsgs_559
GSM1286791,bsgs_560
GSM1286792,bsgs_561
GSM1286793,bsgs_562
GSM1286794,bsgs_563
GSM1286795,bsgs_564
GSM1286796,bsgs_565
GSM1286797,bsgs_566
GSM1286798,bsgs_567
GSM1286799,bsgs_568
GSM1286800,bsgs_569
GSM1286801,bsgs_570
GSM1286802,bsgs_571
GSM1286803,bsgs_572
GSM1286804,bsgs_573
GSM1286805,bsgs_574
GSM1286806,bsgs_575
GSM1286807,bsgs_576
GSM1286808,bsgs_577
GSM1286809,bsgs_578
GSM1286810,bsgs_579
GSM1286811,bsgs_580
GSM1286812,bsgs_581
GSM1286813,bsgs_582
GSM1286814,bsgs_583
GSM1286815,bsgs_584
GSM1286816,bsgs_585
GSM1286817,bsgs_586
GSM1286818,bsgs_587
GSM1286819,bsgs_588
GSM1286820,bsgs_589
GSM1286821,bsgs_590
GSM1286822,bsgs_591
GSM1286823,bsgs_592
GSM1286824,bsgs_593
GSM1286825,bsgs_594
GSM1286826,bsgs_595
GSM1286827,bsgs_596
GSM1286828,bsgs_597
GSM1286829,bsgs_598
GSM1286830,bsgs_599
GSM1286831,bsgs_600
GSM1286832,bsgs_601
GSM1286833,bsgs_602
GSM1286834,bsgs_603
GSM1286835,bsgs_604
GSM1286836,bsgs_605
GSM1286837,bsgs_606
GSM1286838,bsgs_607
GSM1286839,bsgs_608
GSM1286840,bsgs_609
GSM1286841,bsgs_610
GSM1286842,bsgs_611
GSM1286843,bsgs_612
GSM1286844,bsgs_613
GSM1286845,bsgs_614
GSM1286846,bsgs_615
GSM1286847,bsgs_616
GSM1286848,bsgs_617
GSM1286849,bsgs_618
GSM1286850,bsgs_619
GSM1286851,bsgs_620
GSM1286852,bsgs_621
GSM1286853,bsgs_622
GSM1286854,bsgs_623
GSM1286855,bsgs_624
GSM1286856,bsgs_625
GSM1286857,bsgs_626
GSM1286858,bsgs_627
GSM1286859,bsgs_628
GSM1286860,bsgs_629
GSM1286861,bsgs_630
GSM1286862,bsgs_631
GSM1286863,bsgs_632
GSM1286864,bsgs_633
GSM1286865,bsgs_634
GSM1286866,bsgs_635
GSM1286867,bsgs_636
GSM1286868,bsgs_637
GSM1286869,bsgs_638
GSM1286870,bsgs_639
GSM1286871,bsgs_640
GSM1286872,bsgs_641
GSM1286873,bsgs_642
GSM1286874,bsgs_643
GSM1286875,bsgs_644
GSM1286876,bsgs_645
GSM1286877,bsgs_646
GSM1286878,bsgs_647
GSM1286879,bsgs_648
GSM1286880,bsgs_649
GSM1286881,bsgs_650
GSM1286882,bsgs_651
GSM1286883,bsgs_652
GSM1286884,bsgs_653
GSM1286885,bsgs_654
GSM1286886,bsgs_655
GSM1286887,bsgs_656
GSM1286888,bsgs_657
GSM1286889,bsgs_658
GSM1286890,bsgs_659
GSM1286891,bsgs_660
GSM1286892,bsgs_661
GSM1286893,bsgs_662
GSM1286894,bsgs_663
GSM1286895,bsgs_664
GSM1286896,bsgs_665
GSM1286897,bsgs_666
GSM1286898,bsgs_667
GSM1286899,bsgs_668
GSM1286900,bsgs_669
GSM1286901,bsgs_670
GSM1286902,bsgs_671
GSM1286903,bsgs_672
GSM1286904,bsgs_673
GSM1286905,bsgs_674
GSM1286906,bsgs_675
GSM1286907,bsgs_676
GSM1286908,bsgs_677
GSM1286909,bsgs_678
GSM1286910,bsgs_679
GSM1286911,bsgs_680
GSM1286912,bsgs_681
GSM1286913,bsgs_682
GSM1286914,bsgs_683
GSM1286915,bsgs_684
GSM1286916,bsgs_685
GSM1286917,bsgs_686
GSM1286918,bsgs_687
GSM1286919,bsgs_688
GSM1286920,bsgs_689
GSM1286921,bsgs_690
GSM1286922,bsgs_691
GSM1286923,bsgs_692
GSM1286924,bsgs_693
GSM1286925,bsgs_694
GSM1286926,bsgs_695
GSM1286927,bsgs_696
GSM1286928,bsgs_697
GSM1286929,bsgs_698
GSM1286930,bsgs_699
GSM1286931,bsgs_700
GSM1286932,bsgs_701
GSM1286933,bsgs_702
GSM1286934,bsgs_703
GSM1286935,bsgs_704
GSM1286936,bsgs_705
GSM1286937,bsgs_706
GSM1286938,bsgs_707
GSM1286939,bsgs_708
GSM1286940,bsgs_709
GSM1286941,bsgs_710
GSM1286942,bsgs_711
GSM1286943,bsgs_712
GSM1286944,bsgs_713
GSM1286945,bsgs_714
GSM1286946,bsgs_715
GSM1286947,bsgs_716
GSM1286948,bsgs_717
GSM1286949,bsgs_718
GSM1286950,bsgs_719
GSM1286951,bsgs_720
GSM1286952,bsgs_721
GSM1286953,bsgs_722
GSM1286954,bsgs_723
GSM1286955,bsgs_724
GSM1286956,bsgs_725
GSM1286957,bsgs_726
GSM1286958,bsgs_727
GSM1286959,bsgs_728
GSM1286960,bsgs_729
GSM1286961,bsgs_730
GSM1286962,bsgs_731
GSM1286963,bsgs_732
GSM1286964,bsgs_733
GSM1286965,bsgs_734
GSM1286966,bsgs_735
GSM1286967,bsgs_736
GSM1286968,bsgs_737
GSM1286969,bsgs_738
GSM1286970,bsgs_739
GSM1286971,bsgs_740
GSM1286972,bsgs_741
GSM1286973,bsgs_742
GSM1286974,bsgs_743
GSM1286975,bsgs_744
GSM1286976,bsgs_745
GSM1286977,bsgs_746
GSM1286978,bsgs_747
GSM1286979,bsgs_748
GSM1286980,bsgs_749
GSM1286981,bsgs_750
GSM1286982,bsgs_751
GSM1286983,bsgs_752
GSM1286984,bsgs_753
GSM1286985,bsgs_754
GSM1286986,bsgs_755
GSM1286987,bsgs_756
GSM1286988,bsgs_757
GSM1286989,bsgs_758
GSM1286990,bsgs_759
GSM1286991,bsgs_760
GSM1286992,bsgs_761
GSM1286993,bsgs_762
GSM1286994,bsgs_763
GSM1286995,bsgs_764
GSM1286996,bsgs_765
GSM1286997,bsgs_766
GSM1286998,bsgs_767
GSM1286999,bsgs_768
GSM1287000,bsgs_769
GSM1287001,bsgs_770
GSM1287002,bsgs_771
GSM1287003,bsgs_772
GSM1287004,bsgs_773
GSM1287005,bsgs_774
GSM1287006,bsgs_775
GSM1287007,bsgs_776
GSM1287008,bsgs_777
GSM1287009,bsgs_778
GSM1287010,bsgs_779
GSM1287011,bsgs_780
GSM1287012,bsgs_781
GSM1287013,bsgs_782
GSM1287014,bsgs_783
GSM1287015,bsgs_784
GSM1287016,bsgs_785
GSM1287017,bsgs_786
GSM1287018,bsgs_787
GSM1287019,bsgs_788
GSM1287020,bsgs_789
GSM1287021,bsgs_790
GSM1287022,bsgs_791
GSM1287023,bsgs_792
GSM1287024,bsgs_793
GSM1287025,bsgs_794
GSM1287026,bsgs_795
GSM1287027,bsgs_796
GSM1287028,bsgs_797
GSM1287029,bsgs_798
GSM1287030,bsgs_799
GSM1287031,bsgs_800
GSM1287032,bsgs_801
GSM1287033,bsgs_802
GSM1287034,bsgs_803
GSM1287035,bsgs_804
GSM1287036,bsgs_805
GSM1287037,bsgs_806
GSM1287038,bsgs_807
GSM1287039,bsgs_808
GSM1287040,bsgs_809
GSM1287041,bsgs_810
GSM1287042,bsgs_811
GSM1287043,bsgs_812
GSM1287044,bsgs_813
GSM1287045,bsgs_814
GSM1287046,bsgs_815
GSM1287047,bsgs_816
GSM1287048,bsgs_817
GSM1287049,bsgs_818
GSM1287050,bsgs_819
GSM1287051,bsgs_820
GSM1287052,bsgs_821
GSM1287053,bsgs_822
GSM1287054,bsgs_823
GSM1287055,bsgs_824
GSM1287056,bsgs_825
GSM1287057,bsgs_826
GSM1287058,bsgs_827
GSM1287059,bsgs_828
GSM1287060,bsgs_829
GSM1287061,bsgs_830
GSM1287062,bsgs_831
GSM1287063,bsgs_832
GSM1287064,bsgs_833
GSM1287065,bsgs_834
GSM1287066,bsgs_835
GSM1287067,bsgs_836
GSM1287068,bsgs_837
GSM1287069,bsgs_838
GSM1287070,bsgs_839
GSM1287071,bsgs_840
GSM1287072,bsgs_841
GSM1287073,bsgs_842
GSM1287074,bsgs_843
GSM1287075,bsgs_844
GSM1287076,bsgs_845
GSM1287077,bsgs_846
GSM1287078,bsgs_847
GSM1287079,bsgs_848
GSM1287080,bsgs_849
GSM1287081,bsgs_850
GSM1287082,bsgs_851
GSM1287083,bsgs_852
GSM1287084,bsgs_853
GSM1287085,bsgs_854
GSM1287086,bsgs_855
GSM1287087,bsgs_856
GSM1287088,bsgs_857
GSM1287089,bsgs_858
GSM1287090,bsgs_859
GSM1287091,bsgs_860
GSM1287092,bsgs_861
GSM1287093,bsgs_862
