"Trio.Num","Num.pcs.MRPC","Per.var.MRPC","Num.pcs.GMAC","Per.var.GMAC","Perm.p.MRPC","Nominal.p.MRPC","STM.perm.p","Nominal.p.STM","LTM.perm.p","Nominal.p.LTM","TGM.perm.p","Nominal.p.TGM","Perm.p.GMAC","GSS.perm.p","Nominal.p.GSS","Med.pvalue.GMAC","Med.pvalue.MRPC","Med.coef.GMAC","Med.coef.MRPC","STM.med.p","STM.med.coef","STM.dim.diff","LTM.med.p","LTM.med.coef","LTM.dim.diff","TGM.med.p","GSS.med.p","Med.type","ADDIS.inf.Class","GMAC.Nominal.p","cis.gene","trans.gene","snp","Tissue","hr","het","ha"
9,0,0,25,12.9331,0,0,0,0,0,0,0,0,0,0,0,2.16161163717081e-69,1.4249690945688e-127,0.0903901358116792,0.0855739705860442,2.05026081786211e-74,0.0894280238326806,28,3.42962235447385e-67,0.083523482512107,2,3.00067988718919e-132,1.35128385109135e-76,"Both","M3",0,"ENSG00000163682","ENSG00000237550","chr4_39448204_G_A_b38","AdiposeSubcutaneous",65,257,259
126,0,0,12,6.2862,0,2.3272394289453e-05,0,4.68293151589805e-07,0,3.30220086854904e-05,0,0.00126114028664137,0,0,5.16712334717173e-05,1.29609220390171e-05,6.11655893131954e-05,-588.945734116168,-616.240503838552,8.3782728283865e-07,-675.387276483927,10,2.38607408211294e-05,-610.368073117825,14,0.00139549998929448,4.6319239798169e-05,"Both","M3",1.56940013797957e-05,"ENSG00000272030","ENSG00000198840","chr1_153632380_A_T_b38","AdiposeSubcutaneous",101,267,213
170,2,1.9245,20,12.0776,0.448,0.45207333559161,0,3.23385392422271e-05,0,1.01923229545164e-06,0.172,0.163956509195927,0,0,1.38016043038647e-10,0.000222953460131029,0.459880325255388,-0.0856834432844917,-0.4774742847258,2.17966403551885e-05,-0.51279502914333,16,1.25041041583235e-06,-0.625977711497105,10,0.158531960240166,4.99674546151795e-10,"Both","M3",0.000326262249219944,"ENSG00000041802","ENSG00000198417","chr3_194648850_C_A_b38","AdiposeSubcutaneous",424,144,13
188,1,0.7496,23,13.3194,0.004,0.00340842808571429,0,0.000370134677309508,0.006,0.00494812477010997,0,1.84382049603915e-05,0,0.002,0.00295305681580404,0.000381938633298274,0.00516465096333088,-0.0741451844580644,-0.102200012739907,0.000187521772724796,-0.104436027642475,20,0.00585415775704015,-0.0803603835821852,17,3.38477280289796e-05,0.00347854207954512,"Both","M3",0.000162157082754355,"ENSG00000267107","ENSG00000232177","chr19_41483803_T_C_b38","AdiposeSubcutaneous",299,206,76
221,0,0,11,7.7662,0,7.13948564863287e-05,0,3.64503826899565e-07,0,3.07634656449007e-05,0.002,0.00265455538355908,0.006,0,9.5950077872331e-05,0.000357583606557798,1.78085594993092e-05,0.0217502877771184,0.0186523892054955,7.96946798796643e-07,0.0243342323053833,12,5.44448173335523e-05,0.0208818581416966,11,0.00290504835388049,0.000196698937852596,"Both","M3",0.000931340920510726,"ENSG00000173156","ENSG00000182264","chr11_67056790_C_T_b38","AdiposeSubcutaneous",477,93,11
368,0,0,11,7.4725,0.008,0.0052233108414832,0,9.34196856383629e-06,0,0.000268942625230251,0,0.00231610081129663,0.004,0.072,0.0743163392492407,0.000118249703950773,0.00401934988100533,0.284163418927541,0.357373284280129,8.49834675137814e-06,0.413970125430096,9,0.000250331292941323,0.344923607042686,15,0.00289259251561882,0.0784421480188125,"Both","M3",0.000216886556267504,"ENSG00000204778","ENSG00000228522","chr9_65306506_A_C_b38","AdiposeSubcutaneous",192,339,50
453,0,0,7,4.684,0,1.31265529483837e-05,0,1.12064579838034e-07,0,3.67467049677828e-07,0,1.51624047424193e-05,0,0.022,0.0204364125176515,1.08604084775545e-05,1.591579289101e-06,-12.3320450680211,-11.2871319882359,1.14470624511777e-07,-13.7110213261802,10,1.40340137375946e-06,-12.521069562404,7,1.5466127348857e-05,0.0133985980193447,"Both","M3",5.83911151927907e-05,"ENSG00000157322","ENSG00000196436","chr16_70113373_T_A_b38","AdiposeSubcutaneous",274,246,61
574,1,0.7281,9,6.4899,0,4.04408395660028e-09,0.004,0.0037919711723513,0,5.05974062647851e-09,0,7.44738581914817e-09,0,0,3.52745315179703e-08,6.8111350606374e-07,4.79579334385509e-08,0.0228146292503534,0.021328584601009,0.00278449147627582,0.0124919698309166,12,3.71673438787064e-08,0.0234713228628164,11,1.50444868685992e-08,7.87399265630904e-08,"Both","M3",1.37640912223347e-07,"ENSG00000276550","ENSG00000180229","chr15_22574358_G_GTGAAGGGTGGC_b38","AdiposeSubcutaneous",341,211,29
670,0,0,13,7.9727,0.028,0.0285182566384432,0.004,0.0031254619752763,0.002,0.00423625671168182,0.002,0.00181348094319822,0,0,0.000101128106140491,0.000147454121712316,0.0143050308463939,-0.00697176180800628,-0.0115497621021976,0.00433379702566386,-0.00879667559200688,15,0.00291610736347645,-0.00900174183633286,13,0.00133743480561658,8.75644940314015e-05,"Both","M3",0.000511497245785364,"ENSG00000188626","ENSG00000261739","chr15_28738956_A_G_b38","AdiposeSubcutaneous",246,261,74
693,0,0,9,5.4373,0.1,0.0944984437894003,0,0.00117876731219901,0.008,0.00792654614486232,0.002,0.00359477624443305,0.006,0,0.000395168802422408,0.000680352823350907,0.0778035609007271,0.0129393091622316,0.0271349803663854,0.00162847163090084,0.0241946925692766,11,0.0101239487277925,0.0205964117202426,14,0.00288332330500493,0.000808796671843847,"Both","M3",0.00191132669057392,"ENSG00000279267","ENSG00000279928","chr2_113612194_C_T_b38","AdiposeSubcutaneous",310,251,20
718,0,0,19,9.6484,0.462,0.48191223318693,0.002,0.000894112586730778,0,0.000156762884965911,0.74,0.755191236908469,0,0,2.93539576734503e-06,0.000342272272228535,0.456975401557052,-0.0273869053846941,-0.130786823525112,0.0005602474733768,-0.130734117527888,13,0.000278008346016345,-0.131668974191657,13,0.703965590308077,1.47974539452076e-06,"Both","M3",0.000545641574454914,"ENSG00000090382","ENSG00000137076","chr12_69338325_T_C_b38","AdiposeSubcutaneous",190,257,134
1051,1,0.2953,24,11.6842,0,0,0,2.22044604925031e-16,0,0,0,0,0,0,6.63913368725844e-14,4.35108959754031e-21,4.57538665056396e-45,0.149281796097279,0.126381750246291,1.01841969575211e-15,0.109205769501601,27,5.23970840072333e-18,0.11484858885377,15,5.84036862135489e-37,4.20547670744613e-13,"Both","M3",0,"ENSG00000167526","ENSG00000215030","chr16_89561052_T_G_b38","AdiposeSubcutaneous",357,193,31
1065,0,0,23,12.4008,0.058,0.069039851405611,0.002,0.00154164372249954,0.03,0.0238990293705215,0.05,0.0461048253336294,0.002,0.112,0.11333464255525,0.0056140396963479,0.114084027081835,-0.0103496127587939,-0.0184282841462962,0.00118234248493872,-0.0223609443264023,20,0.0244155151958488,-0.0150445736187776,18,0.0443229015201599,0.0962865252341761,"Both","M3",0.00275351345061758,"ENSG00000280152","ENSG00000260644","chr16_75251266_A_C_b38","AdiposeSubcutaneous",27,158,396
1196,0,0,22,12.3487,0,2.71881300388799e-05,0,1.48628348872748e-05,0,4.87037399499179e-06,0,2.0018883883921e-08,0,0,6.5259174951704e-05,0.000358482261134869,3.93255506043022e-05,-3.14217765770226,-2.67126043120926,4.27383895101679e-06,-3.59147227688471,14,1.54484830474146e-05,-3.29530405164403,16,1.3995584127004e-08,8.75090930516396e-05,"Both","M3",0.000282575572315924,"ENSG00000146243","ENSG00000091640","chr6_78945760_G_A_b38","AdiposeSubcutaneous",172,304,105
1262,0,0,12,7.5871,0.016,0.0163793829013203,0,0.000194328826525147,0,6.7144966362509e-05,0.09,0.0786625298890251,0.002,0.004,0.00684462354760784,0.00164693093056474,0.0171067317268148,1.49276258213916,2.08890784842721,0.000338737176842568,2.44826102097085,13,9.7448975733454e-05,2.62465584284823,9,0.0706196351858956,0.00851362954454527,"Both","M3",0.00130531636812803,"ENSG00000277782","ENSG00000099622","chr15_80993534_C_T_b38","AdiposeSubcutaneous",375,178,28
1303,1,0.7281,14,9.1828,0,0.00176056214579012,0,0.0010635054339394,0.052,0.0570854603349484,0.04,0.0260034882721338,0,0.002,0.00139134086741555,0.000321516586696074,0.00127668359835665,-2.27470301626669,-3.05976608112326,0.000955398971153039,-2.82025844470404,17,0.0639831677608538,-1.59066732093855,17,0.022084462879501,0.0013201440067527,"Both","M3",0.000354654559585832,"ENSG00000164068","ENSG00000197582","chr3_49706959_A_G_b38","AdiposeSubcutaneous",139,283,159
1421,2,2.1332,20,11.7541,0,4.11853304254084e-05,0.002,0.00247645037084609,0.006,0.015634288622201,0,0.000107356380445678,0,0.104,0.106933101261053,0.00283210497086751,7.25606732020367e-05,0.00244059225870821,0.00201474496936056,0.00125039812863943,0.00224430125545984,23,0.0169256739079623,0.00160714304849343,1,0.000407475130766114,0.112303569292899,"Both","M3",0.00251311108827457,"ENSG00000063046","ENSG00000229939","chr12_52997717_G_A_b38","AdiposeSubcutaneous",65,149,367
1491,3,2.1695,17,11.2494,0.026,0.000163341861293187,0,0.000272636909099289,0,2.45466163979469e-05,0.008,0.00286075685845888,0,0,5.57032318049266e-08,2.34020495467152e-06,0.000486639960288076,0.00121318378408542,0.00206704018728105,0.000331110891888244,0.00164983219548542,17,8.20286067629484e-06,0.00192091401979127,6,0.00335945652280308,1.46467050500792e-08,"Both","M3",3.72783320878867e-07,"ENSG00000135124","ENSG00000264069","chr12_121210329_G_T_b38","AdiposeSubcutaneous",507,67,7
1526,1,0.2953,32,15.0536,0.026,0.0123233809438377,0.002,0.000725923253282135,0.002,0.0018507806798409,0.198,0.220344049059076,0.004,0.004,0.00494659171568634,0.00417593107738193,0.0236393579220743,0.475983597292013,0.729897924024464,0.000339821362338279,0.907893314093426,28,0.00151612472059102,0.809954398901985,9,0.238162566105775,0.00581730217506451,"Both","M3",0.00334432386686423,"ENSG00000124614","ENSG00000225972","chr6_34405027_A_G_b38","AdiposeSubcutaneous",451,107,23
1540,2,1.7146,25,14.6685,0.116,0.123014897056889,0.074,0.0663674046552514,0.148,0.159242085800609,0.104,0.125930003693818,0.002,0.374,0.371522558102576,0.00179677503862017,0.102857457700374,-0.0837432919987487,-0.147791171559328,0.0697127907605874,-0.0832541389369122,10,0.143490641441124,-0.0699857706899626,15,0.116892968528417,0.310005468975113,"Both","M3",0.00297085246026363,"ENSG00000138399","ENSG00000133107","chr2_169573878_G_C_b38","AdiposeSubcutaneous",426,141,14
1556,1,0.7496,24,12.9926,0.132,0.124879604713971,0.04,0.0526858573359514,0.002,0.000327739336599242,0.018,0.0104354855329727,0,0.042,0.0430355580897004,0.0044422527885162,0.170574122030834,-0.00507744898336813,-0.0119835386388411,0.0593555849778778,-0.00828964765674193,20,0.000434936166390882,-0.0151398981414133,12,0.0103982335069929,0.049099138176351,"Both","M3",0.00276564708873006,"ENSG00000115561","ENSG00000188086","chr2_86563402_AG_A_b38","AdiposeSubcutaneous",417,152,12
1635,2,1.4966,26,14.6516,0.024,0.0085673896093259,0.004,0.00315289788022954,0.014,0.00937846707361656,0,5.59592533380115e-05,0.002,0.004,0.00371552446525669,0.00106034084148916,0.0128792075907612,0.00264754339109665,0.00380639918736544,0.00352844951126055,0.00338630367139185,19,0.00775672818580008,0.00314646993558576,7,5.58244116615581e-05,0.00273624491872191,"Both","M3",0.00116649672804758,"ENSG00000167216","ENSG00000237458","chr18_46939257_C_T_b38","AdiposeSubcutaneous",483,94,4
1777,1,0.7281,17,9.971,0.03,0.0262737916578508,0,1.13138251913725e-05,0,1.30771719708545e-05,0.044,0.0396670202289073,0.006,0.028,0.0294053415777671,0.00177498950427648,0.0228273589904107,-2.04255588915281,-2.70144050156939,9.85841765981613e-06,-3.72031271666155,14,1.8219867214603e-05,-3.69901977930266,8,0.0364905341199855,0.0245855073270869,"Both","M3",0.00190645170666981,"ENSG00000277561","ENSG00000206149","chr15_22612585_G_A_b38","AdiposeSubcutaneous",510,71,NA
1823,0,0,13,8.2657,0.022,0.0196651053725039,0,0.000323253268116774,0.036,0.0366002152032996,0.018,0.0238808323178252,0,0,3.06250056425483e-08,7.07822889016939e-05,0.011239133035042,-0.000948699626056209,-0.00157442687401493,0.00020881966687695,-0.00147478889690985,16,0.0321552902790863,-0.000863636689410809,14,0.0180156359612466,8.75942923259867e-08,"Both","M3",0.00013570496123716,"ENSG00000267296","ENSG00000258167","chr19_33306352_G_A_b38","AdiposeSubcutaneous",491,87,3
1931,0,0,16,9.8975,0.01,0.0145562294381132,0.082,0.0736301274030116,0,4.43103128389133e-06,0.036,0.0312718090218944,0.002,0,3.70699298746224e-06,0.000298970445415087,0.00976779295865772,-0.0153682711477218,-0.0212267337636858,0.0606714978421868,-0.0109347675239597,16,8.86218321973039e-06,-0.026360473688581,10,0.0383641624344546,4.06958943178509e-06,"Both","M3",0.000385722269174771,"ENSG00000241764","ENSG00000232184","chr7_107755787_A_G_b38","AdiposeSubcutaneous",327,204,50
2111,1,0.6826,16,9.8105,0,0.000187039782455045,0.576,0.561276223551171,0,0.00189700253215919,0,0.000583935842760841,0,0,0.000979791317829992,0.00249798191518864,0.000342013250704523,0.295594371272254,0.243097192172963,0.551846706323842,0.0472836335153207,13,0.00150263619749525,0.253578088736224,13,0.000329050935928243,0.00084289310568492,"Both","M3",0.00255820870873391,"ENSG00000231551","ENSG00000264343","chr1_148417463_G_A_b38","AdiposeSubcutaneous",179,287,115
2178,2,1.458,25,14.1236,0.704,0.682783147705409,0,3.86641497380769e-05,0,2.47057091118386e-06,0.506,0.496397431803089,0,0.002,1.26275492642325e-05,6.51632712837786e-06,0.722293115240273,-0.0222653729828969,-0.383969848524078,4.15427287286697e-05,-0.343763590831286,23,2.47125735749241e-06,-0.411257133819927,19,0.523971591276552,1.92109585124699e-05,"Both","M3",9.53659966418385e-06,"ENSG00000196743","ENSG00000079337","chr5_151239432_C_T_b38","AdiposeSubcutaneous",411,163,7
2211,2,1.5243,20,11.7825,0.026,0.0208388285773431,0.04,0.0419362903533973,0,3.75193076607161e-09,0.004,0.00828655032787218,0,0.008,0.0197464842008568,0.000408361276107153,0.00885092374101563,0.00716215497082431,0.0110248491346365,0.033784366789028,0.00681047616228786,18,1.97638239433353e-09,0.0192764729973238,18,0.00713830938867149,0.0200704391418801,"Both","M3",0.00188321037103845,"ENSG00000142686","ENSG00000270388","chr1_35719096_G_A_b38","AdiposeSubcutaneous",454,118,9
2301,1,1.0906,15,9.8753,0,0.00337078836028915,0.002,0.00162227241159041,0,0.00118824256647754,0.006,0.00282458752400938,0,0,6.90879252758236e-05,0.000521322644244305,0.00329427530518241,-0.0270181585621773,-0.0306803906576329,0.00202667237504358,-0.0274324899055905,13,0.000797715744133302,-0.0306337092710607,16,0.00317378348545228,6.52707957791765e-05,"Both","M3",0.000496092385112723,"ENSG00000108465","ENSG00000120071","chr17_47994862_C_T_b38","AdiposeSubcutaneous",340,197,44
2557,1,0.5296,27,14.6423,0.006,0.00906108943300699,0.01,0.00346837757375296,0.006,0.00372654149727247,0.006,0.0034570590248888,0,0.034,0.0394072879120935,0.00199266364469371,0.00946556442618381,0.0374486319638731,0.0476634701021424,0.00335924299564616,0.0440392753473841,20,0.00426176053993051,0.0443569128286447,10,0.00490059212152932,0.0382660914660421,"Both","M3",0.00203920596812002,"ENSG00000059691","ENSG00000259479","chr4_151806700_T_C_b38","AdiposeSubcutaneous",120,247,214
2829,3,2.6311,15,9.633,0,0.000402419361118511,0.002,0.00024470554124334,0,8.29828003356958e-06,0.002,0.00421747544669704,0.002,0.028,0.0288837194019385,0.000775705939509433,0.000428444829290004,0.00328340053806609,0.00365755006154657,0.000327712239579164,0.00388981036491148,18,4.68555828682289e-05,0.00445797220127073,10,0.00280832667212036,0.0218083188816521,"Both","M3",0.000805256790881392,"ENSG00000102699","ENSG00000237917","chr13_24499647_C_T_b38","AdiposeSubcutaneous",197,283,101
2901,2,1.2683,28,16.3738,0.004,0.00374014024071223,0,9.18586552236533e-05,0.046,0.0452958857933159,0,7.62497328432588e-06,0.006,0,2.18547059671614e-06,0.000567777329223911,0.00284209288819643,0.0809664707691107,0.102408473953815,8.38395549080441e-05,0.119890469076413,25,0.0545687374545159,0.0564895235826229,6,1.19859148416845e-05,1.80203029489571e-06,"Both","M3",0.000896585369606795,"ENSG00000116977","ENSG00000232177","chr1_236536054_G_A_b38","AdiposeSubcutaneous",528,48,5
3236,0,0,20,13.0058,0.178,0.167399073476143,0.012,0.0128737672777273,0.014,0.010058770358488,0.612,0.590528595784326,0.01,0,1.30442386698792e-05,0.00776147190186204,0.275451871545856,0.0273220359862047,0.0653771681342473,0.00722385950378807,0.0659619210481783,15,0.0092681584747187,0.0634679650538847,2,0.549097934111603,9.90764589146003e-06,"Both","M3",0.00265081245759635,"ENSG00000153132","ENSG00000259847","chr4_140490976_C_T_b38","AdiposeSubcutaneous",357,191,33
3492,0,0,17,8.6892,0.81,0.768481949354539,0.012,0.00933096381447873,0.478,0.487469775472915,0.184,0.199943312450668,0,0.008,0.00941529044518319,0.00532654060051002,0.883727943395391,0.00286457093141771,-0.0577024479763903,0.0131165417798938,-0.053925231445476,14,0.433593934811944,-0.0159730140898856,15,0.214082828088702,0.0106606577016315,"Both","M3",3.35157727726632e-06,"ENSG00000134207","ENSG00000274994","chr1_114196000_C_T_b38","AdiposeSubcutaneous",259,266,56
3636,2,1.786,14,10.1037,0.008,8.50034575616831e-07,0,0.000265530035819417,0.046,0.0478362580214493,0.028,0.0365444389698111,0.002,0,3.62908613236179e-05,0.00018161818538256,0.000712517794469921,0.00188747550302536,0.00225536918698821,0.000165257690873162,0.00230500663832908,14,0.0460381431593612,0.00119109965774566,3,0.0368095452596197,2.14166794137446e-05,"Both","M3",3.31017331145489e-06,"ENSG00000230928","ENSG00000232715","chr10_98153041_G_A_b38","AdiposeSubcutaneous",399,157,25
3639,2,2.1332,22,13.9099,0.1,0.0790576401382055,0,8.01748378798095e-09,0,0.000165170786667668,0.222,0.22279181679653,0.004,0,0.000481855207403736,0.00204361489931764,0.105477918160972,0.0257854303037571,0.0484803321761053,2.12213086280979e-08,0.091016198340634,15,0.000165851943024042,0.0592642058296116,3,0.237083720118096,0.000756928961353573,"Both","M3",0.00180620165078027,"ENSG00000112992","ENSG00000136274","chr5_43637131_G_A_b38","AdiposeSubcutaneous",452,120,9
3645,1,0.5045,20,9.5031,0.464,0.449346098815818,0,0.000192145268501642,0,7.06731719144482e-05,0.398,0.383899146601844,0.002,0.004,0.00964481148869756,0.000540323903244799,0.376850637349554,-298.833516393215,-1217.97962214161,0.000111636887185831,-1370.78622633413,18,8.90011638845968e-05,-1378.8745999641,1,0.387838886331094,0.00984582540247881,"Both","M3",0.00219724272104171,"ENSG00000228549","ENSG00000225972","chr1_16674372_A_T_b38","AdiposeSubcutaneous",565,16,NA
3654,1,0.6684,30,16.7664,0.448,0.4509713896749,0,8.76688984228213e-05,0.07,0.066462223041859,0.43,0.437965903032274,0,0,4.25572142301878e-05,0.00104470960957558,0.441355161695592,-0.0407253572633728,-0.186855711001956,3.80606051954513e-05,-0.235284166515214,17,0.0661083161451183,-0.10208227239784,4,0.409064970778294,3.08559764059053e-05,"Both","M3",0.0010617078446451,"ENSG00000100258","ENSG00000133026","chr22_50497895_T_C_b38","AdiposeSubcutaneous",106,295,180
3820,0,0,21,11.6167,0.242,0.231154695487616,0.134,0.12467867916638,0.002,0.00178670836652728,0.384,0.400645667891495,0.004,0.004,0.000996307992992884,0.00118546257395503,0.300405631388999,20.7355161457488,69.6716249979375,0.141716545473347,31.18978733813,17,0.00177597416832471,67.7159459484947,7,0.365401119635992,0.000910018001874195,"Both","M3",0.000760270865038049,"ENSG00000248576","ENSG00000225972","chr12_54128126_T_C_b38","AdiposeSubcutaneous",331,205,45
3868,2,1.7252,15,9.9786,0,0.00027959172492098,0.008,0.0184684251695899,0.004,0.00470824514451662,0,4.64474457946285e-05,0,0,0.00200757940134033,0.00114397484779048,0.000560879039858818,0.00201754630109713,0.00181694225323536,0.0162701193896274,0.00141544671038532,10,0.00458304560137387,0.00156616797107802,3,8.39925656218778e-05,0.00227582814846581,"Both","M3",0.000896910203650902,"ENSG00000134333","ENSG00000214110","chr11_18383963_G_T_b38","AdiposeSubcutaneous",25,178,378
3942,6,5.5324,16,11.0783,0.002,2.98269376419746e-05,0.004,0.00422025933164982,0,6.33756363255245e-06,0.018,0.0187007749724966,0,0,0.000798468453351076,0.00025690956621075,5.62382213097475e-05,0.101051100309887,0.0966828894443844,0.00246439771001426,0.078347561631781,16,5.83126604911377e-06,0.122185465315646,9,0.0203627586467861,0.000649551654237844,"Both","M3",0.000225091581471881,"ENSG00000276170","ENSG00000175772","chr17_38452433_T_C_b38","AdiposeSubcutaneous",19,165,397
4070,2,1.5959,19,11.8695,0.006,0.00312083338647295,0.006,0.00653720140925107,0.044,0.029689734965896,0.034,0.0402192931629923,0,0,3.37043691533978e-06,0.0015728757834443,0.00755898755100648,0.0194706932152049,0.023850417484758,0.00701779856497373,0.019696845410505,17,0.0308573931525142,0.0167038366944009,16,0.0387177086621218,7.81041280551527e-06,"Both","M3",0.000639790669740847,"ENSG00000242338","ENSG00000270388","chr10_73711992_T_C_b38","AdiposeSubcutaneous",103,276,202
4165,2,1.8766,21,12.4786,0.004,0.00518964246201969,0,1.54894295589791e-05,0.016,0.0167747408832868,0.004,0.00303505535492898,0.004,0,2.30585600413669e-06,0.00177722970580657,0.00363672958435416,-0.139626928874379,-0.145618163376241,1.07461374883752e-05,-0.207240576635184,15,0.0191362937266949,-0.107580939993671,13,0.00253253318610108,4.72749789811768e-06,"Both","M3",0.00172544305987588,"ENSG00000245025","ENSG00000166557","chr8_23019226_C_T_b38","AdiposeSubcutaneous",159,276,146
4286,1,1.2459,22,13.5057,0.062,0.0611966384265021,0,3.81124341863881e-07,0,4.69593729093276e-05,0.104,0.0996878728163386,0,0.01,0.0152786751187528,0.00318596984479995,0.0641205351247056,0.325554261355689,0.526540372547693,2.47167892365822e-07,0.907300181139711,17,5.8496492570298e-05,0.700287466243598,2,0.0876312519372337,0.0225623106079024,"Both","M3",0.00250255438042046,"ENSG00000243384","ENSG00000185290","chr3_58574316_G_T_b38","AdiposeSubcutaneous",125,255,201
4447,5,4.5984,27,16.2338,0,3.69232144192821e-05,0.002,0.000201659558674905,0.006,0.00358072975450696,0.002,0.00238062673124606,0,0,7.11549713356963e-05,0.00175223205101703,0.000228879124719011,-0.348242381797437,-0.301710986315368,0.000150200695830932,-0.352389363417148,21,0.00331950812680458,-0.278074679860945,13,0.00206217212398624,8.11467708691906e-05,"Both","M3",0.000763073937073866,"ENSG00000167723","ENSG00000196312","chr17_3530249_A_G_b38","AdiposeSubcutaneous",401,157,23
5014,1,0.7685,23,12.4684,0.376,0.421681115331668,0,2.88918409359074e-05,0.016,0.0164269925865206,0.662,0.662581546227165,0,0.184,0.182005993068304,0.00323745728149196,0.460753242928925,0.00182666879952336,-0.00817270946090009,7.08252305109204e-05,-0.0109013644896366,21,0.0236764547273713,-0.00623132247061353,3,0.656645718330221,0.187697793014215,"Both","M3",0.000739343618795019,"ENSG00000108852","ENSG00000273760","chr17_43907149_A_C_b38","AdiposeSubcutaneous",18,161,402
5090,1,1.0906,19,10.9693,0.006,0.00735337581596962,0,3.92451205397659e-05,0.008,0.00713016246253129,0.06,0.0602376250571726,0.002,0,2.08687887701675e-05,0.00181499100594104,0.00779016713231888,-0.532749545408849,-0.618793430702513,5.08075713164365e-05,-0.808451286995269,16,0.00514811795208355,-0.571475900414261,17,0.0629896292539532,3.41016267269599e-05,"Both","M3",0.0017723933705136,"ENSG00000145687","ENSG00000134202","chr5_81417277_T_G_b38","AdiposeSubcutaneous",256,253,72
6007,0,0,15,10.0876,0,0.00035158783326672,0,5.97571216345294e-05,0,0.000777219041429023,0.182,0.177403856182124,0,0.034,0.0451643635611869,0.00111759431590498,0.00199225920457185,0.00231159241499018,0.00265235694195123,6.40259910137738e-05,0.00315851810060738,17,0.000631251683609184,0.00281363309302376,2,0.169371120769267,0.0487819589189839,"Both","M3",0.000246251774363548,"ENSG00000134461","ENSG00000249439","chr10_5926571_T_C_b38","AdiposeSubcutaneous",564,17,NA
6224,2,1.4457,37,20.0425,0,0.000223439264651182,0,1.9961315866901e-07,0.11,0.112367001055517,0,0.000147860803793476,0,0,5.35436501802877e-08,0.00175585011711679,0.000291014115393602,-0.397897539066207,-0.333191802809252,1.65602577614837e-07,-0.548309227149633,21,0.102778050236538,-0.176805431326014,17,0.000158758038415356,5.57200331588335e-08,"Both","M3",0.00220986774688314,"ENSG00000145740","ENSG00000146425","chr5_69109699_C_G_b38","AdiposeSubcutaneous",209,256,116
6339,0,0,25,15.0581,0.002,0.00122837630208528,0,1.00933760682764e-07,0.002,0.00442550598343727,0.006,0.00283295867453703,0,0,9.44321229434664e-07,0.000172646214201562,0.00103935220325203,-1.64438054552139,-1.88625475026367,2.37531922374845e-07,-2.68792441093768,20,0.00304083592010627,-1.49559920424326,18,0.00315089063986732,6.51632538781412e-07,"Both","M3",0.000194001998913951,"ENSG00000205809","ENSG00000136098","chr12_10428915_C_T_b38","AdiposeSubcutaneous",383,170,28
6992,0,0,23,12.2092,0.096,0.0913629100118727,0.102,0.0984790665701067,0.034,0.0439800722256114,0.17,0.180808167550496,0.002,0.04,0.0474725967176266,0.00365209294106606,0.106032424557955,0.0403319283051083,0.0661004706293088,0.107011715689923,0.0382384001230726,14,0.0385930944592519,0.0476030643506754,5,0.200565954279921,0.0531379361826792,"Both","M3",0.00348318901093858,"ENSG00000270062","ENSG00000259479","chr14_50725941_G_A_b38","AdiposeSubcutaneous",281,244,56
7108,0,0,16,10.0728,0.032,0.0347435427182357,0,0.000385688697796649,0.004,0.00541298602460771,0.236,0.254155066683094,0,0,7.34536875768299e-11,4.01858839754217e-05,0.0490329440289238,0.0115193593173856,0.0266933147383281,0.00043854116830014,0.0226111849445425,16,0.00655697804583736,0.0178472748004346,19,0.26429425246709,1.29571815803105e-10,"Both","M3",5.40345235950923e-05,"ENSG00000029639","ENSG00000224426","chr6_155314673_CCG_C_b38","AdiposeSubcutaneous",83,275,223
7233,0,0,22,13.0077,0.008,0.00243142997913282,0,1.8420872635927e-05,0.004,0.000953294068996025,0.306,0.306026089196383,0.004,0.002,0.00156330039304065,0.0024605085824398,0.00617987869403999,0.0084610233656808,0.0101549301485789,2.51731759634219e-05,0.0138002067914122,22,0.00127671740808905,0.0110468174216889,19,0.29673123248797,0.00179967389402921,"Both","M3",0.00101277753580731,"ENSG00000125910","ENSG00000270388","chr19_3169707_T_C_b38","AdiposeSubcutaneous",547,33,1
9301,0,0,18,11.1932,0.032,0.0414803301427653,0.022,0.0153227006400736,0,6.21632235930925e-06,0.03,0.0439180667275321,0,0,5.46459562613677e-05,0.00102817044041117,0.0394612164632265,-0.0853004967007444,-0.133122816986811,0.012737126965163,-0.0996317357379784,15,5.3591358316021e-06,-0.184442418434555,11,0.038297959450203,6.77346649863091e-05,"Both","M3",0.000987951741749038,"ENSG00000266053","ENSG00000267809","chr18_9214138_A_G_b38","AdiposeSubcutaneous",20,182,379
9934,2,2.0269,29,16.6908,0.018,0.0104671925844491,0,0.0021868860578349,0,2.49409720174398e-05,0.096,0.0879016444103045,0,0.022,0.0258755377873465,0.000353898537409288,0.0145740254010783,0.149498511887256,0.209193027765916,0.00131623258184609,0.18606834383861,18,1.26645352190797e-05,0.257527617228087,7,0.0916660686321503,0.0253735082012574,"Both","M3",0.000341693226701523,"ENSG00000167291","ENSG00000167202","chr17_79383564_C_A_b38","AdiposeSubcutaneous",287,246,48
10107,4,3.589,24,15.2376,0,6.17842211771968e-05,0,1.50511118013341e-07,0.012,0.00826022849813568,0.004,0.000745048439827922,0,0.002,0.00114604528042483,0.000531723384591436,0.000215028753204549,0.0928279501723796,0.0896886192860015,5.04573269446384e-07,0.130215520987423,16,0.00805077788280076,0.0662417642986568,2,0.000911346429160282,0.000977665131977004,"Both","M3",0.000475240483723827,"ENSG00000205765","ENSG00000232593","chr5_41881124_C_A_b38","AdiposeSubcutaneous",179,265,137
10905,0,0,22,11.1247,0.108,0.0869298533808829,0.014,0.0117320739289675,0.006,0.00312003549529916,0.336,0.335178130943778,0.01,0,0.000368622475358071,0.0015791208359826,0.113489336773519,0.0154829832489037,0.0367796466741767,0.00870883917048826,0.0296926802096041,21,0.00265575523036931,0.0350110693747504,1,0.353540094001813,0.000583745009545086,"Both","M3",0.00045471139661335,"ENSG00000259935","ENSG00000270388","chr15_52656429_C_G_b38","AdiposeSubcutaneous",410,148,23
333,0,0,20,9.9582,0.266,0.272133459456493,0.042,0.0290491044368957,0.02,0.0196150196702252,0.014,0.0180917806567031,0.004,0.008,0.00531307386030799,0.00821674876208583,0.439209480788995,22.4796630668649,77.0912419414139,0.0331054808809312,63.5883551468759,17,0.0173712916862092,69.9065038888003,16,0.0274723877272721,0.0056933770051972,"Cis.Med","M3",0.00291962384761901,"ENSG00000274512","ENSG00000225972","chr17_38261195_A_G_b38","AdiposeSubcutaneous",44,166,371
870,2,1.0094,15,9.0318,0.256,0.294491947499026,0.004,0.00793237370255095,0,0.00385270158038442,0.922,0.913816664925724,0.008,0.018,0.0211717642406732,0.00880927275544996,0.0865973045686039,-0.000599087028731525,-0.00122915098316329,0.00965526827008086,-0.00119512777222023,17,0.00263680308468917,-0.00145145063090503,16,0.998180498278185,0.0147358955360023,"Cis.Med","M3",0.000985878937893814,"ENSG00000162482","ENSG00000276221","chr1_19303649_G_A_b38","AdiposeSubcutaneous",568,12,1
1134,3,2.414,22,14.9794,0.032,0.0386109277851172,0.01,0.0113543364429489,0,1.71514209783563e-05,0.41,0.437928293586208,0.002,0.036,0.0321292234304287,0.00444132806410451,0.0408106323593924,2.22361343555569,2.77529136176581,0.00900643823413127,2.49601786176924,9,1.13752128061002e-05,4.32355599779134,18,0.401260438225187,0.0271987292267819,"Cis.Med","M3",0.00292014930417239,"ENSG00000256576","ENSG00000182511","chr12_132189720_T_C_b38","AdiposeSubcutaneous",96,262,223
1178,0,0,27,15.899,0,6.10990348255402e-05,0.012,0.0114275546282809,0.002,0.00591931985838445,0,0.000453570924778157,0,0,1.69080983911662e-05,0.00285774598601342,3.24565814954442e-05,-0.0440288139205694,-0.0389095109214305,0.0113503461951554,-0.0355204540652213,25,0.00449087614683506,-0.0377042708351361,16,0.000135470556382876,2.08324111417776e-05,"Cis.Med","M3",0.00280605060836958,"ENSG00000259865","ENSG00000270405","chr1_247203133_C_A_b38","AdiposeSubcutaneous",276,241,64
1229,4,3.3022,10,7.1472,0,1.06476650385545e-07,0.412,0.426145208889788,0.232,0.228870538554142,0.122,0.120494716872106,0,0.008,0.00673177279645132,0.12998220710536,0.168841961824059,0.000340998888805994,0.000414192065670274,0.40244001185334,0.000220462410703952,13,0.214106515867031,0.000340219974879424,17,0.125818405390747,0.00647273975519501,"Cis.Med","M3",3.09241246609915e-07,"ENSG00000051009","ENSG00000265372","chr11_6215311_A_G_b38","AdiposeSubcutaneous",526,54,1
1258,2,1.437,21,11.4971,0.01,0.00591082922816843,0,0.000797825787138384,0,0.00334282830462884,0.09,0.0924853932400072,0.004,0,0.000271677910458346,0.000444021089440504,0.00213702479395361,-0.00299778300507524,-0.00372581890197506,0.000898636227699415,-0.00366434749248554,18,0.00261718158908039,-0.00327893618753955,18,0.11011070471852,0.000328251097194722,"Cis.Med","M3",0.00155132246032341,"ENSG00000004897","ENSG00000113492","chr17_47121548_T_C_b38","AdiposeSubcutaneous",553,28,NA
1656,1,1.0906,12,7.7895,0,0.00163158128749563,0.354,0.362442061073596,0.222,0.215132327723538,0.782,0.766109580918436,0,0.326,0.334067868320022,0.399445444395813,0.930582755191925,-8.70065018122173e-06,-9.78848340150033e-05,0.362965780415989,-0.000110915274888489,14,0.198809416545206,-0.000148663344789545,13,0.805737078456162,0.308819463146805,"Cis.Med","M3",3.12308396090977e-05,"ENSG00000175287","ENSG00000251891","chr9_128922361_G_A_b38","AdiposeSubcutaneous",562,17,2
1776,3,2.1002,26,14.3992,0.08,0.0377825253914843,0,0.000498879101879623,0,0.000190924779412738,0.04,0.0277808943118854,0.01,0.074,0.0874576652646029,0.00142134525651352,0.0295098368878888,0.000732571095819508,0.00109646947952784,0.000373843016767364,0.00119508502492946,17,0.000257093369764061,0.00128146870710956,14,0.023524944101988,0.0881706866885218,"Cis.Med","M3",0.00115091246444554,"ENSG00000146938","ENSG00000254660","chrX_6200460_G_C_b38","AdiposeSubcutaneous",522,36,23
1944,0,0,11,5.4106,0.28,0.261979797978723,0.206,0.188048938173397,0.868,0.886340441733154,0.484,0.498233429000918,0,0.352,0.364357154887874,0.373638233946563,0.892771967135189,0.000548673057835203,0.00384480256021992,0.20291188408834,0.00523383605131636,13,0.873976902923381,0.000688781128554439,13,0.497758705393184,0.395446478986721,"Cis.Med","M3",0.00154601610526495,"ENSG00000197816","ENSG00000271798","chr9_97238449_A_G_b38","AdiposeSubcutaneous",565,15,1
2032,2,1.61,24,13.2394,0.592,0.552006252512891,0,3.80809228546219e-05,0.004,0.00208404407423313,0.46,0.471626521457246,0,0.006,0.00661073611288909,0.000168780464945814,0.52848000966027,-0.00122994526717428,-0.00801119935062544,3.13545564106412e-05,-0.00898577116725933,18,0.00216641213952691,-0.00664664352853212,16,0.457727784378381,0.00519733125092048,"Cis.Med","M3",0.00059920419829429,"ENSG00000186501","ENSG00000212493","chr1_27335461_C_T_b38","AdiposeSubcutaneous",561,20,NA
2148,1,1.0906,10,6.3024,0.822,0.809593248932637,0.52,0.532284184419072,0.638,0.625804896404289,0.068,0.060731491164463,0,0.046,0.0520278046520868,0.769449545672322,0.285544963045521,0.000107856085918102,-3.13100829116997e-05,0.524753703168141,7.01450287514547e-05,12,0.595714034736133,5.79355277506774e-05,16,0.0585720941267961,0.052988151193209,"Cis.Med","M3",4.9942076922882e-06,"ENSG00000182109","ENSG00000277899","chr1_39554348_C_A_b38","AdiposeSubcutaneous",533,47,1
2169,2,1.8111,13,7.9529,0.024,0.0124371739240683,0.954,0.947421150780441,0.986,0.976494214696686,0.522,0.545935267812325,0,0.59,0.578141825850515,0.279117880471206,0.581271281484225,7.74501281525081e-05,0.000165625561286881,0.954458188247018,-8.82619375755394e-06,15,0.995757432439607,-8.11340394194133e-07,6,0.547999340603532,0.56388362564259,"Cis.Med","M3",0.000658519370954735,"ENSG00000204152","ENSG00000231523","chr10_50009802_G_A_b38","AdiposeSubcutaneous",511,69,1
2226,1,0.8604,12,6.7813,0.016,0.017985438036676,0,0.00061656031568913,0.164,0.168826158680201,0.292,0.292353963556818,0.002,0,2.86060221310613e-06,0.00604875686641382,0.126866767607374,-0.00428745420481966,-0.00790797363804015,0.000576565593395327,-0.0100078944244848,12,0.185090851883365,-0.00381174957229445,1,0.279972245044383,1.10575995851292e-06,"Cis.Med","M3",0.000108681313834458,"ENSG00000272505","ENSG00000233138","chr8_10524275_G_A_b38","AdiposeSubcutaneous",486,90,5
2299,2,2.1332,16,9.3444,0.048,0.0478204567565144,0.128,0.133587201719245,0.024,0.0243409218691959,0.62,0.650945934925077,0,0.002,0.00395701668456772,0.274495875758074,0.831797460442358,-1.56259181955889e-05,-0.000100738666690093,0.136073880007006,-0.000139268652655905,19,0.0229720747945245,-0.000212940416071354,14,0.602259217492962,0.00334637063103567,"Cis.Med","M3",2.22862150955905e-09,"ENSG00000146409","ENSG00000275414","chr6_132765074_T_C_b38","AdiposeSubcutaneous",519,61,1
2394,1,0.5756,17,10.022,0.52,0.504260846057547,0.778,0.78744225148325,0.3,0.299010136108528,0.442,0.44053052914563,0,0.716,0.706714245263401,0.835293662762725,0.568627608584111,7.76305284953695e-05,-3.58118973527194e-05,0.769494777387644,-4.88775152527733e-05,20,0.326355685929265,-0.000168651591800648,11,0.383000473315805,0.733390048465531,"Cis.Med","M3",8.46852870595161e-05,"ENSG00000005075","ENSG00000199698","chr7_102478892_G_T_b38","AdiposeSubcutaneous",564,16,1
3040,2,1.2433,12,7.3799,0.568,0.619395667921592,0.496,0.477625073696949,0.204,0.211373839859768,0.186,0.198163844371462,0.002,0.81,0.831746400169918,0.202715752375529,0.876632187065661,0.000111733329147183,0.0010576872728255,0.492736686122314,0.000556582840129982,14,0.248813782590896,-0.000936844405980468,8,0.192318290625043,0.878011138564676,"Cis.Med","M3",0.000817350028961217,"ENSG00000213906","ENSG00000200132","chr14_24308741_G_A_b38","AdiposeSubcutaneous",554,26,1
3741,2,1.1149,18,9.4221,0.152,0.187818891388256,0,0.000219736220145483,0,0.000532937844617054,0.944,0.944210754196493,0.004,0,3.229123853421e-06,0.000594411973391359,0.255779003649546,0.00152114528241468,0.00525428049627984,0.000155111314157731,0.00613606455640844,18,0.000681964964752674,0.00528789705708727,14,0.993674554975768,4.58913930998682e-06,"Cis.Med","M3",1.23091228094729e-05,"ENSG00000100036","ENSG00000273082","chr22_30641218_C_T_b38","AdiposeSubcutaneous",505,74,2
4446,2,1.3003,13,6.3247,0.042,0.0457596782341259,0.018,0.0155271535912656,0.59,0.589958137681756,0.348,0.362975522791326,0.004,0.596,0.582882205582983,0.433295346870157,0.136477261094882,-0.00125531425002437,-0.000720567629325976,0.0234346530561686,-0.00207642167651513,13,0.567536134478108,-0.000522356109590082,4,0.53774349185732,0.562794045058851,"Cis.Med","M3",0.00343233426834133,"ENSG00000102057","ENSG00000266287","chrX_49142313_T_C_b38","AdiposeSubcutaneous",573,7,1
4488,0,0,12,7.9453,0.624,0.606076033377654,0.13,0.141038916178398,0.54,0.529871353353614,0.112,0.0986363616453461,0,0.91,0.930058992038675,0.976101523500195,0.268452616257041,0.00029260257144918,9.19340099017122e-06,0.126389761615444,-0.000475522636023016,15,0.532821320710121,-0.000193975582346346,5,0.0803434542915619,0.94601763479829,"Cis.Med","M3",0.000121987528130862,"ENSG00000115020","ENSG00000249843","chr2_208263867_G_T_b38","AdiposeSubcutaneous",1,32,548
4943,4,2.9255,16,9.9705,0.062,0.0975638264280279,0.064,0.0399567766153492,0.206,0.197521071074465,0.102,0.0853649920859547,0,0.004,0.0019172236877214,0.0208730985526217,0.2185373617561,-0.000553504811144628,-0.00121698878124402,0.0345049905856663,-0.00113524309160828,18,0.188668651130699,-0.000684302392844316,3,0.0816175462548649,0.00143280975240516,"Cis.Med","M3",0.00122344301138066,"ENSG00000087302","ENSG00000278598","chr14_52003510_G_C_b38","AdiposeSubcutaneous",436,139,6
5050,3,2.2993,16,9.165,0,0.00914776625120717,0,5.27849375093759e-05,0,1.22518218987899e-05,0.102,0.113155288435754,0,0,0.000198435153325738,0.000738809975705731,0.0166647084388096,-0.000759252690343337,-0.00110460659001949,0.000121242807956763,-0.00129414166662178,14,1.02481179814154e-05,-0.001481548402145,17,0.11629295060559,0.000403338040356199,"Cis.Med","M3",0.000221009209932621,"ENSG00000162694","ENSG00000229594","chr1_100996676_G_A_b38","AdiposeSubcutaneous",496,82,3
5166,3,2.5546,14,8.8493,0,0.00657294058854818,0.022,0.0156122233285274,0.084,0.0761916116757115,0.004,0.00260568672958872,0,0.782,0.807976564477226,0.103648021288008,0.174931397931503,0.00100343735880524,0.00140351705118996,0.00880743972959215,0.00225851806816073,16,0.0796420641218178,0.00152064371417016,12,0.00360911913022906,0.786292020271164,"Cis.Med","M3",0.002602602950875,"ENSG00000054967","ENSG00000238316","chr11_73395363_C_T_b38","AdiposeSubcutaneous",440,128,13
5194,3,2.2748,15,9.4491,0.002,0.000950409363950522,0.448,0.414163516317839,0.682,0.662393374126584,0.542,0.497262146631744,0,0.154,0.14565496017593,0.582784593766145,0.641788045024534,8.90073333458688e-05,-0.000120275873457727,0.399911501012998,-0.000190841645937511,16,0.77353803190089,6.22621933253056e-05,4,0.603967677114793,0.191801102408224,"Cis.Med","M3",1.14702045683757e-06,"ENSG00000213551","ENSG00000278528","chr10_73040475_A_AAT_b38","AdiposeSubcutaneous",557,23,1
5782,3,2.2889,16,10.2756,0.15,0.181841560105618,0.628,0.624046794604452,0.026,0.0189791895349394,0.01,0.00499223804355853,0,0,0.00270606780287119,0.0460612089315957,0.333901937715371,-9.83416085089128e-06,-2.36652162882485e-05,0.640900288903808,-5.62884769093395e-06,18,0.0213329006437787,-2.78591509457359e-05,12,0.0048244510034057,0.00227679278312566,"Cis.Med","M3",0.00215670389987199,"ENSG00000181061","ENSG00000273978","chr3_42756751_G_A_b38","AdiposeSubcutaneous",562,17,2
5956,2,1.0099,13,8.0413,0.032,0.0356189086721117,0.896,0.892389058698687,0.036,0.0438840071961597,0.76,0.775910437201564,0.002,0.126,0.111476977706352,0.523039353931298,0.964366848323805,-4.44204697358201e-05,0.000732393886050769,0.826188458074816,-0.000245059012522659,14,0.0486109192943853,0.00227811391202322,14,0.686706325656669,0.10334624923265,"Cis.Med","M3",0.00122761778185176,"ENSG00000125863","ENSG00000251937","chr20_10473426_T_G_b38","AdiposeSubcutaneous",1,42,538
5981,1,1.0426,13,8.7151,0.674,0.65736150962124,0,0.000351761124561811,0.132,0.149586831467879,0.36,0.35644027868667,0,0.002,0.000846911157507124,0.00632014975903161,0.117964826425623,0.000838985347388769,0.00168177199205399,0.000693172439944013,0.0022098384357731,16,0.183121453699395,0.000831270917468632,10,0.253651317901077,0.000689433115931382,"Cis.Med","M3",2.25915020024559e-08,"ENSG00000258634","ENSG00000199698","chr1_110055734_A_G_b38","AdiposeSubcutaneous",562,18,1
6047,1,1.0906,11,6.3136,0.008,0.00319245822414005,0.548,0.535697440738895,0.776,0.790148580259252,0.12,0.115514675824003,0,0.122,0.12395175748158,0.838921990447646,0.468535788955528,-5.02284376909261e-05,1.56997416434121e-05,0.493170313061829,5.40460521014159e-05,13,0.815894428388598,1.82198862364243e-05,16,0.137012567076526,0.133127505173957,"Cis.Med","M3",3.04419541419243e-06,"ENSG00000273314","ENSG00000236371","chr7_148698298_G_A_b38","AdiposeSubcutaneous",563,17,1
6479,1,0.4949,16,10.0965,0.012,0.0117774547817497,0.016,0.0165059959477081,0.004,0.00627138949441575,0.006,0.00798862484806273,0.002,0.004,0.00306182249886633,0.0256148801181414,0.0785572959916902,-0.000367857542543821,-0.000573121251381176,0.0144911770923212,-0.000631860289708157,18,0.00788525424265401,-0.000683297486436251,15,0.011491941698711,0.00292908080880484,"Cis.Med","M3",0.00176636543366815,"ENSG00000233237","ENSG00000260480","chr6_71416502_C_T_b38","AdiposeSubcutaneous",569,12,NA
7120,3,2.5227,15,10.6904,0.652,0.639409881253467,0.036,0.032389101000549,0.302,0.315134576782963,0.784,0.803994503661599,0.002,0,0.000577210064941935,0.0563095498780225,0.295194155233836,-0.000726243309889565,-0.00156148414292465,0.0339831298799333,-0.00181543196080027,18,0.279088410173766,-0.000886373658981052,11,0.77367948318078,0.000474098335309463,"Cis.Med","M3",0.00147143739623412,"ENSG00000283050","ENSG00000249843","chr4_119601682_C_T_b38","AdiposeSubcutaneous",565,15,1
7658,0,0,17,8.6678,0.402,0.385465782082977,0.002,0.00142661615557427,0.028,0.0307796119913097,0.102,0.104037107035898,0.008,0.002,0.00681912643447813,0.0059627239440152,0.402230911267408,0.300906820111968,0.92879760954574,0.00237464265302001,1.04021174259814,12,0.0285138037476638,0.743900494062422,16,0.122056907189905,0.0069014028387608,"Cis.Med","M3",0.00216364401897051,"ENSG00000235267","ENSG00000232177","chr2_27489026_A_G_b38","AdiposeSubcutaneous",161,261,159
8370,1,1.0906,13,7.5986,0.426,0.444503396790168,0.088,0.0636471503081018,0.002,0.000203875168843348,0.804,0.789276675171873,0,0.186,0.169812497660897,0.183188152192048,0.918168742102911,-3.39370168193718e-05,-0.000508505098622604,0.0531921298600634,-0.000745588476925279,15,0.000206537604890115,-0.00143692886153904,6,0.801300964274692,0.169475259111341,"Cis.Med","M3",2.9130572229974e-06,"ENSG00000254366","ENSG00000278349","chr8_77438879_A_G_b38","AdiposeSubcutaneous",542,38,1
8405,4,2.5418,10,6.5392,0,9.68687722924244e-07,0.434,0.431398968088083,0.024,0.0208859623885171,0.73,0.762610212071092,0.002,0.352,0.343277040706058,0.427142893194475,0.390177672864538,0.000159365785666976,0.000166831694725409,0.407544683904497,0.000179604679076142,13,0.0302674134072475,0.00045396712688821,11,0.763487095850909,0.3373233742795,"Cis.Med","M3",0.000360053151882145,"ENSG00000119915","ENSG00000201491","chr10_102226130_G_T_b38","AdiposeSubcutaneous",532,48,1
8554,1,1.0426,30,16.4023,0.002,0.00128246684785704,0,7.34907943433782e-06,0.014,0.0190268382165111,0.072,0.0614572173000523,0.002,0.002,0.000714234485064136,0.00291543220978314,0.00192979927999616,0.0512992009446992,0.0512247476573313,4.34909325580141e-06,0.0753496999465986,21,0.0108819356169127,0.0438994412374361,1,0.0601908678751737,0.0012300570844599,"Cis.Med","M3",0.00308968425600931,"ENSG00000174165","ENSG00000259479","chr11_66537640_C_G_b38","AdiposeSubcutaneous",217,276,88
10120,0,0,29,15.0729,0.462,0.48979475618293,0.002,0.00113035257988714,0.006,0.00486128667877583,0.79,0.799182740325086,0.006,0.002,0.00358812930698327,0.00321568850805991,0.486670998569472,-0.00355885631727655,-0.0168480273407543,0.000919372905784891,-0.0188885305700634,24,0.00475607653544949,-0.0164103689642192,12,0.777167104682555,0.003847945138746,"Cis.Med","M3",0.00279910871453293,"ENSG00000266967","ENSG00000259479","chr17_42959658_A_G_b38","AdiposeSubcutaneous",559,22,NA
10195,0,0,16,7.9029,0.176,0.178902941836398,0,2.52248574306169e-05,0,0.000658310807064355,0.72,0.725013740661262,0,0,7.845823516206e-06,0.000274097955497949,0.0372829493121928,-0.0106293862702377,-0.0181971925190401,5.67015698184686e-05,-0.0206020934393036,12,0.000587246923082468,-0.0172415328374962,18,0.544558409441603,1.74458489648197e-06,"Cis.Med","M3",0.00100363532335024,"ENSG00000236459","ENSG00000253569","chr3_42843986_T_C_b38","AdiposeSubcutaneous",540,39,2
10766,0,0,29,16.3836,0.052,0.0196055856543109,0.006,0.00198024530433427,0,1.43786819339908e-07,0.286,0.294112262431164,0,0,4.71333650842176e-06,0.000949686270164385,0.0640087499159035,0.00160065823516748,0.00285222812133298,0.00224817619744337,0.0026213208944254,20,3.26486033788252e-07,0.00441086701698859,9,0.31049083853383,6.61430047106116e-06,"Cis.Med","M3",0.000398086334770786,"ENSG00000267414","ENSG00000242348","chr18_44693596_C_T_b38","AdiposeSubcutaneous",503,75,3
11063,0,0,21,11.1879,0.004,0.00461622051123101,0.222,0.209739710716509,0,1.55646537483012e-05,0.008,0.00950164432809508,0.004,0.006,0.00668594562530944,0.00283931357006427,0.00561273392280558,-1.14351692288613,-1.17250995768181,0.181026503189715,-0.530559076487994,16,1.21373163523567e-05,-1.70965758737302,2,0.00596338329812054,0.00446045115596674,"Cis.Med","M3",0.00264547737461429,"ENSG00000257543","ENSG00000226278","chr12_101893999_T_C_b38","AdiposeSubcutaneous",473,97,11
510,0,0,15,8.8907,0,5.49331156118882e-08,0,0.0016405483202957,0.868,0.867573612855046,0.592,0.5787349893173,0.066,0.608,0.609065812781301,0.581708560272852,0.470475755691249,3.31779230161456e-07,2.95841692568809e-07,0.00261499406697793,1.64144015322633e-06,17,0.845917941549398,-1.04509356568031e-07,18,0.603779710512324,0.639061603411234,"Trans.Med","M3",1.53274501979439e-08,"ENSG00000243678","ENSG00000234803","chr17_51149056_G_A_b38","AdiposeSubcutaneous",540,40,1
2642,1,0.7281,15,6.4463,0.964,0.921490632615627,0.068,0.0688442506681719,0.352,0.32505008122188,0.284,0.271355626463913,0.474,0.022,0.0200927527499164,0.355687293466228,0.531799439385212,-0.000102261935944816,-0.000141512019107004,0.0695765145315116,-0.000286926000442957,13,0.292282199343928,-0.000161918969725604,15,0.334443833628952,0.0286949564713651,"Trans.Med","M3",0.000331869751357905,"ENSG00000215252","ENSG00000249446","chr15_34378690_G_A_b38","AdiposeSubcutaneous",559,21,1
2982,1,0.5555,18,9.4345,0.004,0.00383977558146831,0.258,0.249307980105224,0.448,0.427083203393485,0.314,0.339761557058581,0.884,0.1,0.106783546989895,0.84643437234795,0.808183968842153,-1.44668318643708e-05,1.39597472317154e-05,0.227327697903114,-8.50473114637672e-05,19,0.461477320963627,5.24745963340988e-05,4,0.321678231410771,0.102757931465436,"Trans.Med","M3",0.000277150670565884,"ENSG00000106635","ENSG00000242482","chr7_73593276_T_C_b38","AdiposeSubcutaneous",517,63,1
4021,1,0.8339,17,9.9403,0,9.02693486826145e-06,0.718,0.755723051481987,0.038,0.0423057884416453,0.268,0.263216039989305,0.006,0.246,0.256480077583437,0.204843916758352,0.274298109069929,6.62188269409177e-05,9.00053833631907e-05,0.738513161111187,2.35745201203834e-05,18,0.0335327238684029,0.000150217627149088,8,0.238743581601057,0.280546928035422,"Trans.Med","M3",4.76407979732585e-09,"ENSG00000168487","ENSG00000207316","chr8_22172552_C_T_b38","AdiposeSubcutaneous",539,41,1
4605,1,0.8489,14,8.2895,0,7.6846833773736e-05,0.592,0.607278301331257,0.648,0.635787019299497,0.274,0.25676179607316,0.814,0.784,0.782490641337756,0.596327358954537,0.36653806772356,-5.581641009391e-05,-3.544493454375e-05,0.632260731739766,-3.28053688592641e-05,14,0.610205117558807,-3.38073646636921e-05,4,0.226550861362971,0.779482758551045,"Trans.Med","M3",0.000643227200251228,"ENSG00000100711","ENSG00000223096","chr14_103726687_G_A_b38","AdiposeSubcutaneous",526,54,1
5734,4,2.8169,17,8.6681,0.11,0.179484211906301,0.726,0.708811120899995,0.832,0.812979350213486,0.666,0.656910229426459,0.68,0.088,0.0972396470173482,0.855338446855573,0.451927220238064,-5.20707117259974e-05,-1.34430271785111e-05,0.728153448140274,-2.69618676163671e-05,15,0.822639720244639,-1.65413984486591e-05,18,0.698493375930707,0.0913991442060832,"Trans.Med","M3",0.000709253012743716,"ENSG00000213977","ENSG00000282089","chr17_3666981_T_C_b38","AdiposeSubcutaneous",566,13,2
6890,1,0.5045,12,6.7594,0.076,0.0572953801440357,0.474,0.458360780652429,0.016,0.0110883652240894,0.452,0.441368154661385,0.01,0,0.00230537323326563,0.00440735619263942,0.0521183289792925,0.0152061466752587,0.022042525384992,0.452382974770465,0.00573297865969342,11,0.0103725992162838,0.019580643749365,4,0.410198690552851,0.00235801225840619,"Trans.Med","M3",0.00267279457145664,"ENSG00000236114","ENSG00000202389","chr10_43520323_C_T_b38","AdiposeSubcutaneous",306,237,38
9274,2,1.5289,24,14.4545,0.038,0.0310469098486923,0,0.000160085849714608,0,0.0011755222047376,0.002,0.00115840995339833,0.004,0.02,0.0218522637300864,0.0141304091528558,0.0991256443062752,-0.00843212051953031,-0.00921223563650183,0.000256975208837434,-0.0133730648263361,6,0.00171642034677837,-0.0118576090807519,18,0.00401811207947379,0.0188107006207901,"Trans.Med","M3",0.000746173512777171,"ENSG00000226709","ENSG00000100341","chr3_192884655_T_C_b38","AdiposeSubcutaneous",425,148,8
2657,0,0,5,4.0376,0,0,0.43,0.422693834414776,0.108,0.096225441180448,0.944,0.951142197558638,0,0.6,0.586151504355526,0.67127541237306,0.461219556667928,-1.89880386606231e-06,-1.18434230685203e-06,0.406359217823094,-2.34324408007482e-06,8,0.101132086397172,-4.5929558452516e-06,7,0.999210684657031,0.599084920559496,"Both","MO",9.07340869105155e-12,"ENSG00000135218","ENSG00000264342","chr7_80671133_T_G_b38","AdiposeSubcutaneous",569,11,1
3577,1,0.2953,23,11.5012,0,1.56217261348957e-11,0,3.42787390767985e-05,0,7.34395344448302e-06,0,3.27857541115861e-09,0,0,5.97914828759372e-10,8.73570262751159e-07,4.43199929970207e-12,0.0276845139097873,0.0245070797089642,2.43536833562618e-05,0.0210781339147795,25,7.13073675372994e-06,0.0224112629840388,3,5.72660964424379e-09,8.65141605045489e-10,"Both","MO",9.57546143265375e-07,"ENSG00000164587","ENSG00000224114","chr5_150442454_ACTG_A_b38","AdiposeSubcutaneous",321,218,42
3727,0,0,21,13.2459,0,8.75212058382147e-09,0,5.0083177827176e-08,0,5.32244628814738e-06,0,2.36305853129615e-06,0,0,1.62983999407729e-07,1.42784931985083e-05,2.91916185774685e-08,5.86921319024224,5.26647547322219,1.89991590669822e-08,6.73623409537221,24,1.28977913166713e-05,5.26608922480401,1,1.26402939166525e-06,4.02235096928111e-07,"Both","MO",9.47610463453152e-06,"ENSG00000280195","ENSG00000233913","chrX_154424042_A_G_b38","AdiposeSubcutaneous",461,44,76
3784,1,0.6938,25,13.4965,0.004,0.000956524475967946,0.002,0.00272793284411121,0,0.000117963478014627,0,8.64559365143514e-06,0.004,0.068,0.0716584689595907,0.00177176853667426,0.0015745432918483,2.20598803536541,2.32751464610932,0.00242439868217403,2.14124383421576,22,9.021374182314e-05,2.95071394007805,10,2.47695660175917e-05,0.0756355779283605,"Both","MO",0.00124179062266117,"ENSG00000108828","ENSG00000225972","chr17_42946378_G_C_b38","AdiposeSubcutaneous",84,244,253
3853,1,0.6684,23,8.3898,0.038,0.00379875211177283,0.254,0.236017333475433,0.362,0.367522950878195,0.078,0.0601684167633909,0.006,0,0.000160048693015113,0.0209901141598982,0.124124097344705,-1.02100320004675,-1.55085966938425,0.217632514556041,-0.827805203376047,18,0.325980333533932,-0.665964695121608,12,0.0568676317962141,0.000235865784523878,"Both","MO",0.00272407054152723,"ENSG00000138109","ENSG00000148600","chr10_94989863_G_A_b38","AdiposeSubcutaneous",500,79,2
3931,2,1.0587,34,17.299,0.518,0.523196566847431,0.002,0.00379355093131117,0.002,0.000644392919994852,0.506,0.470328630115711,0.002,0.07,0.0740497944690202,0.0025803543145621,0.525344644410734,-0.0545675942341876,0.256197174944853,0.0015784906806705,0.290572405208597,21,0.0013786398098881,0.271388821624856,6,0.555524201375984,0.0657823362181918,"Both","MO",0.0018036124869405,"ENSG00000121068","ENSG00000245910","chr17_61402219_C_G_b38","AdiposeSubcutaneous",35,184,362
5006,2,1.8766,23,15.403,0.206,0.217529107802611,0.002,0.00181051328794291,0.01,0.0141388229602932,0,0.000939814650772197,0,0,0.000126732729435863,0.000652359113733752,0.245362591855011,-0.493407318722398,-1.44922942539484,0.00269213158964201,-1.28062888419377,15,0.0141124407581973,-1.03355828613076,11,0.000674979397820987,0.000123553239382366,"Both","MO",0.000525510290292353,"ENSG00000151490","ENSG00000141524","chr12_15542699_C_A_b38","AdiposeSubcutaneous",278,233,70
5316,3,1.9188,29,15.7365,0,5.69535159955503e-05,0.006,0.00714118498084226,0,0.000110615518831292,0,1.35429050018843e-06,0,0,0.000115050311222165,0.00360113414854344,0.000349908776236775,0.0568067650966871,0.0452296684441272,0.00982356249228041,0.0400552521369927,14,5.0931784824452e-05,0.063647493171486,11,3.06294485739787e-06,0.00010097215436787,"Both","MO",0.00210426106164863,"ENSG00000132819","ENSG00000249138","chr20_57395956_A_C_b38","AdiposeSubcutaneous",395,173,13
5683,4,2.7786,9,6.2575,0,2.24930751802077e-08,0.252,0.248781549097637,0.622,0.642457355035251,0.228,0.247920503505953,0,0.08,0.0900557840607177,0.701921483088115,0.497927553820452,0.000157389709455115,9.755656870518e-05,0.24271990019972,0.000298249921275201,12,0.669789403673679,-0.000110863563377949,14,0.270844179814634,0.099557766141087,"Both","MO",0.000263444590729023,"ENSG00000145715","ENSG00000264330","chr5_86411404_G_A_b38","AdiposeSubcutaneous",560,20,1
6092,1,0.7496,31,16.0514,0,0.00269030933703185,0,8.54864724055826e-05,0.002,0.00221593113636831,0,0.000664515900855145,0,0,0.000132677112598456,0.000380677680822165,0.00209593375821299,0.0616980249704547,0.0828551224337114,4.71309715004346e-05,0.0918899505025497,20,0.00262173845753477,0.0700845322260875,6,0.000633260188285011,0.000187484636227062,"Both","MO",0.00026088291776305,"ENSG00000123562","ENSG00000138071","chrX_103673156_T_C_b38","AdiposeSubcutaneous",141,78,362
6183,3,2.0299,20,12.8367,0.044,0.0378210395127994,0,1.51405151418427e-05,0.27,0.270935627780037,0.438,0.473220252763869,0.008,0.194,0.202990189174644,0.00573518098774433,0.072878136902293,0.00228631875402075,0.00428808951618179,2.95719879007884e-05,0.00655207354461939,21,0.264603632130837,0.00167401713442451,4,0.492293312631794,0.218205554278549,"Both","MO",0.00271625973460177,"ENSG00000157106","ENSG00000259203","chr16_18875584_C_T_b38","AdiposeSubcutaneous",424,151,6
6306,2,1.9245,28,16.9974,0.248,0.25345673993472,0,1.23847058830506e-06,0,9.0935610912446e-06,0.184,0.187328048245105,0,0.158,0.159767048912141,0.000595766370523266,0.34107546076803,-0.224451523293105,-0.931185358719343,2.3850892108533e-06,-1.28553847991871,19,1.35335584618485e-05,-1.17761244429715,1,0.18182766492639,0.15215000484641,"Both","MO",0.000130322121625781,"ENSG00000166503","ENSG00000197442","chr15_83134794_G_A_b38","AdiposeSubcutaneous",373,181,27
6670,1,0.8339,30,15.4678,0.002,0.0243164788858361,0.03,0.0292971937944912,0,6.39096615517865e-06,0.01,0.00670282725531468,0,0,0.000383183952658683,0.000190729922146,0.0193768140116538,-0.000969530030686875,-0.00204054807312021,0.0302911780421022,-0.00115579468207555,30,1.69070577613662e-05,-0.00235598831103242,3,0.00647379957866892,0.000342010701517266,"Both","MO",0.000273402189646443,"ENSG00000160161","ENSG00000258807","chr19_19546389_C_T_b38","AdiposeSubcutaneous",430,132,19
6881,2,0.75,34,16.7275,0.802,0.747697378825892,0,0.000164390184869356,0.418,0.40741374422178,0.592,0.615512554096586,0,0.084,0.0843505223553962,0.00924569145991351,0.964269716796024,-1.31098422639186e-07,-7.30026817267825e-06,0.000148327826302053,-1.05530930277937e-05,17,0.409382881793622,-2.29963795940049e-06,1,0.594649061180762,0.0719623278192241,"Both","MO",0.00157756115546759,"ENSG00000137331","ENSG00000257797","chr6_30796464_T_C_b38","AdiposeSubcutaneous",377,187,17
6918,1,0.9363,24,13.4487,0.048,0.0309314389665682,0,0.000101472498738264,0,1.62729494574965e-05,0,0.00262719890793783,0.004,0,7.44553202647324e-06,3.73451812363068e-05,0.0254522674291832,0.104589077907994,0.205924043467653,9.68287708780694e-05,0.197561373385001,16,2.85760523624926e-05,0.208143372964119,3,0.00221427934145949,1.05922266421285e-05,"Both","MO",3.27026289446142e-05,"ENSG00000183734","ENSG00000259479","chr11_2303580_C_T_b38","AdiposeSubcutaneous",558,19,4
7206,1,0.2029,17,7.5044,0.15,0.174543780528345,0.248,0.248143868578811,0.002,0.00252116354293563,0.154,0.149110774313382,0,0.258,0.279965864557851,0.100849515454993,0.545424703513864,1.17062730778967e-06,-3.54713878051305e-06,0.26764325395938,-2.34776956703892e-06,16,0.00185545025824821,-6.78330596005862e-06,11,0.104525486576837,0.31782545314831,"Both","MO",3.29022986633731e-09,"ENSG00000100345","ENSG00000255113","chr22_35416011_G_A_b38","AdiposeSubcutaneous",564,16,1
7261,3,2.755,21,14.3509,0.798,0.831410866813395,0,1.25483411899108e-05,0,0.000477826329219555,0.268,0.27856160443024,0.002,0.002,0.00124699977897746,0.000635537741147661,0.860714247836409,0.00246725224603972,-0.0479073511638569,1.15962339834144e-05,-0.0606024865185733,13,0.000409478908818289,-0.0495001134745959,8,0.239367561517513,0.00103142938955123,"Both","MO",0.000858760882582521,"ENSG00000119929","ENSG00000188559","chr10_99788711_G_A_b38","AdiposeSubcutaneous",113,267,201
7499,2,1.4408,24,15.5006,0.002,0.00611658291029693,0,0.000161991778221404,0,5.58060655042603e-06,0,0.000311533244328643,0,0,2.67990813143104e-05,0.000166627192530095,0.0124884230172733,-0.157595451340949,-0.329100087793298,0.000206703392701444,-0.308595837606786,23,1.06320158690747e-05,-0.386158695709145,1,0.00041111932648766,3.28886003331473e-05,"Both","MO",2.28420531980245e-05,"ENSG00000143199","ENSG00000125813","chr1_168158982_G_A_b38","AdiposeSubcutaneous",385,175,21
8080,2,1.979,22,14.4023,0.36,0.366634880259784,0,1.48162682960251e-05,0,0.000307668676759576,0.366,0.372077891535511,0,0.532,0.540081789383793,0.00111324244094731,0.39049775158792,-0.0102304130264567,-0.0382828584697847,8.73628323888058e-06,-0.0510192145705508,16,0.000356671306191239,-0.0417828157455514,11,0.402791011423133,0.496695333133271,"Both","MO",0.000983312375150813,"ENSG00000128595","ENSG00000206418","chr7_128742457_T_G_b38","AdiposeSubcutaneous",141,279,161
8499,2,1.418,22,13.6295,0.01,0.0231200464570496,0,0.000179343344953287,0,0.00341592689113868,0.116,0.10392310955676,0,0,0.000308109485761543,0.00130353076224673,0.0302929395963503,-0.772354023048968,-1.42083402457375,0.000172733651402693,-1.67764232651906,20,0.00336577452080002,-1.29960983402731,1,0.101251487548044,0.000515550988687112,"Both","MO",0.00107191613659552,"ENSG00000079263","ENSG00000232177","chr2_229428196_AT_A_b38","AdiposeSubcutaneous",557,22,2
8768,1,0.7281,13,7.7359,0.008,0.0048986896077059,0.086,0.0959425501878368,0.092,0.0993068764482334,0,0.00067119447986097,0,0.02,0.0188343040993397,0.0010098137891904,0.00715255198858963,0.00233765466633811,0.00320262105558044,0.126318919327073,0.00148524032331481,16,0.0902516819665843,0.00164303243207986,10,0.000550667809144872,0.0180706438983264,"Both","MO",0.000670417445644222,"ENSG00000087995","ENSG00000278884","chr17_61631137_C_T_b38","AdiposeSubcutaneous",549,32,NA
8828,2,1.6667,24,13.8716,0.994,0.97497602865864,0,2.8350265113275e-07,0,4.2645859390511e-06,0.512,0.552731984190898,0,0.012,0.0150151786398818,0.00165429299901749,0.972685147242949,0.000823659087385903,0.0867799102096417,4.95020508681917e-07,0.134347833928271,25,1.86680353173448e-05,0.119432559371183,12,0.559690186277319,0.0152204679303744,"Both","MO",0.00145670050408908,"ENSG00000154258","ENSG00000127947","chr17_69027614_A_G_b38","AdiposeSubcutaneous",54,231,296
9086,3,2.3971,27,12.8547,0.002,0.0103988342727408,0,1.90356601259545e-06,0.002,0.001261916974024,0.244,0.265365640719337,0.002,0.024,0.0260418076495745,0.00292699050904476,0.0248862891721749,-0.00277630972373953,0.00371609561721208,1.68449840789336e-06,0.00558653377215809,12,0.0014987270712682,0.00401890257979275,12,0.263826501627917,0.0286698661027365,"Both","MO",0.000907574109651366,"ENSG00000254602","ENSG00000180872","chr11_58473676_G_A_b38","AdiposeSubcutaneous",563,18,NA
9108,3,2.6456,14,8.6633,0,2.32258656751583e-13,0.15,0.142544985099763,0.734,0.7402450109963,0.324,0.330021471333905,0,0.206,0.216232541713481,0.641275257111329,0.474260371632633,4.76480386571642e-06,3.51698060389605e-06,0.165520510140836,-1.09390688028249e-05,17,0.752041004258499,-2.39993291055824e-06,5,0.255601548669867,0.225901346310022,"Both","MO",4.30766533554561e-13,"ENSG00000142507","ENSG00000230788","chr17_4541417_C_T_b38","AdiposeSubcutaneous",568,12,1
9266,1,1.2459,13,9.6884,0,6.77330158334044e-05,0,1.97476839325361e-08,0.018,0.0271259162094553,0.012,0.0122831585020875,0,0.054,0.0677626639032789,0.0041789013242394,0.00299303813784456,-0.00973414276043055,-0.0100841887270288,2.94449964681972e-08,-0.0191361031081231,13,0.0251857172503627,-0.00797720969228625,18,0.0142816839884062,0.076590301096441,"Both","MO",9.13612074939785e-05,"ENSG00000180287","ENSG00000254580","chr1_242431166_C_T_b38","AdiposeSubcutaneous",546,35,NA
9368,3,2.8828,22,13.6095,0,0.0031836009088233,0.022,0.0196755676763651,0,0.000318691456919984,0.036,0.0262775450865746,0.002,0.304,0.292982792256627,0.0015650480417617,0.00380682110363656,1.22261552837154,1.57297116202706,0.0176465196234511,1.20399609380749,21,0.000348072149199221,1.80211636127465,5,0.0181507720421242,0.307257251956732,"Both","MO",0.00136590439998097,"ENSG00000044115","ENSG00000120885","chr5_138936560_T_C_b38","AdiposeSubcutaneous",250,276,55
9637,0,0,16,10.007,0,7.62350627070418e-09,0.154,0.143952145719772,0.918,0.895456213019549,0.17,0.156701810535649,0,0,0.00361485580831933,0.332630889241052,0.148388788938704,5.25810840397909e-06,4.00002920188263e-06,0.156393104446657,6.02720759253312e-06,18,0.884444547908411,-6.01595340875905e-07,1,0.070015987844898,0.00703727612345381,"Both","MO",1.256810299477e-05,"ENSG00000169976","ENSG00000184741","chr6_143615621_TA_T_b38","AdiposeSubcutaneous",565,15,1
9844,1,0.5756,17,9.5816,0,8.36510127832923e-09,0.226,0.227839511211728,0.912,0.920611704183304,0.478,0.464350209103355,0.002,0.514,0.50892778578581,0.420440280344127,0.481711455992108,1.60567971921017e-05,2.27236838408999e-05,0.22576611323929,3.48044964116444e-05,19,0.859102133971527,5.10041230670714e-06,16,0.550015650371759,0.488477184115123,"Both","MO",0.00164053778619455,"ENSG00000118418","ENSG00000252935","chr6_79173195_G_A_b38","AdiposeSubcutaneous",566,14,1
10318,2,1.979,18,10.113,0,3.36345419345019e-05,0.64,0.63949349163338,0.538,0.530719337455869,0.22,0.242678693663515,0,0.056,0.0615108397204791,0.532550868603971,0.859172113379848,0.000183027133499717,0.000743585984326479,0.660366022748166,-0.000494913535359464,19,0.498561951988078,-0.000793698363726134,4,0.271806125448529,0.0820561254916336,"Both","MO",0.00170453297032158,"ENSG00000120899","ENSG00000228985","chr8_28070191_C_T_b38","AdiposeSubcutaneous",538,42,1
10438,2,1.6859,22,12.5478,0.052,0.0549210960088853,0.022,0.0212656297540836,0,0.000166271836747223,0.484,0.48034884090321,0,0,5.07122728157228e-05,0.00485001106456115,0.107615120125494,0.254052907065156,0.477874257025369,0.0198099835579084,0.398636622932921,15,0.000260361918455773,0.612912351194795,11,0.505842082942029,4.85962549841152e-05,"Both","MO",0.00148682632376262,"ENSG00000101463","ENSG00000226232","chr20_24638178_A_G_b38","AdiposeSubcutaneous",376,185,20
10596,3,2.7954,24,14.7154,0.07,0.0539426858347811,0,3.35850600763354e-05,0.132,0.14188163652608,0.208,0.210968167954394,0.004,0,1.57991054436923e-05,0.00292170785557362,0.0543647877832419,0.028903798582049,0.0501480090043297,2.5010183213708e-05,0.0713986497393684,23,0.120021641453645,0.0261174155189269,11,0.220073113211294,1.72676126186148e-05,"Both","MO",0.00235880694000246,"ENSG00000249471","ENSG00000270388","chr19_58090614_G_A_b38","AdiposeSubcutaneous",281,231,69
10856,2,1.5579,26,14.3259,0,0.000744926164297333,0,0.00325961451231183,0.004,0.00214708372408845,0.054,0.0611176850698578,0,0.012,0.0178741448731659,0.00216416136662268,0.000626356335021877,61.8311180934336,62.493386154741,0.00274592369476604,60.8172198512101,24,0.00218691948332963,62.9505052708724,7,0.0549407063139265,0.0174729989792162,"Both","MO",0.00242546265924704,"ENSG00000101126","ENSG00000225972","chr20_51537303_G_A_b38","AdiposeSubcutaneous",567,14,NA
10968,1,0.9363,31,17.1073,0.01,0.0113390212621494,0,5.32814582314689e-05,0.004,0.00268858861201227,0.152,0.144309090276673,0,0,0.00167195051315461,0.00246881608772856,0.0145188042998791,0.0275608069548688,0.0381119072066232,0.000101516718089598,0.050718294841907,24,0.00261487670665395,0.03707921326881,4,0.140068315683199,0.00155118590251052,"Both","MO",0.00286624570323646,"ENSG00000196323","ENSG00000259479","chr11_130220780_G_A_b38","AdiposeSubcutaneous",76,242,263
11078,2,1.951,23,12.9977,0,0.00359692936900013,0,6.08333756546564e-06,0.002,0.00033042518115467,0,5.1735181746837e-05,0,0,0.00452528694549659,0.00108165988533795,0.00573707715231334,0.0842621305325712,0.103533711900081,5.45821745263619e-06,0.143473394555067,15,0.000374363818239656,0.112348875080094,3,3.21973614478344e-05,0.00558442823223452,"Both","MO",0.000905179589917759,"ENSG00000130939","ENSG00000196312","chr1_10004424_G_A_b38","AdiposeSubcutaneous",407,149,25
11159,4,2.6115,21,13.2955,0,0.000954412595888687,0.058,0.059288650487467,0.672,0.650022845987398,0.468,0.46866617439912,0,0.07,0.0805461271811423,0.358469863663211,0.73428517016502,3.0084932160799e-05,0.000111354855217252,0.0497474519606726,0.000242907949857375,23,0.623565032640745,-6.06286590204358e-05,17,0.479091778272512,0.0883041838136137,"Both","MO",0.000181233090737365,"ENSG00000242299","ENSG00000252989","chr3_102187338_G_A_b38","AdiposeSubcutaneous",546,34,1
11205,1,1.0906,17,8.7661,0,1.77635683940025e-15,0.034,0.0283214669462206,0.704,0.700740115239281,0.696,0.657107469096769,0,0,0.00203553169261861,0.0533712680123814,0.324016831291332,-0.000102805399563299,-0.000238826366150892,0.0381509094819827,-0.00025913222242076,18,0.687613886690087,-4.83537447812801e-05,4,0.632097454707808,0.00279252134761277,"Both","MO",8.67828031658746e-11,"ENSG00000140688","ENSG00000251891","chr16_31702644_GA_G_b38","AdiposeSubcutaneous",572,8,1
11753,1,0.2953,23,11.6595,0,0,0.836,0.840579169008251,0.094,0.0797288153687195,0.664,0.649816779152018,0,0.07,0.0701358294576309,0.525427800183865,0.6053622953676,-1.13036746754564e-06,-1.73565785395492e-06,0.763168977932883,-7.96557096176244e-07,24,0.072348489609885,-4.93948257401853e-06,5,0.89082531662996,0.0664594150657987,"Both","MO",8.41376524007842e-10,"ENSG00000131469","ENSG00000251759","chr17_42891584_G_A_b38","AdiposeSubcutaneous",557,23,1
1755,2,1.8766,9,5.542,0,0.000883690573558749,0.012,0.0105840933175998,0.808,0.775319220987738,0.012,0.0107748354178485,0.002,0.114,0.107128187540506,0.180931581612916,0.137645323887952,-6.70843559143201e-05,-6.46828962348546e-05,0.0164567848809993,-0.000117253144526711,12,0.761256397851361,1.48131491235026e-05,12,0.00866609487045479,0.12474681708685,"Cis.Med","MO",0.00341473037786,"ENSG00000163131","ENSG00000221093","chr1_150764744_A_G_b38","AdiposeSubcutaneous",508,71,2
2384,0,0,15,7.4437,0.08,0.028099941282469,0.018,0.0218345611853448,0.352,0.332496851316235,0.124,0.0907389641472705,0.088,0.156,0.188530717941413,0.0331667456526471,0.155656031230226,0.00184185361614033,0.00284598045480769,0.042013153284705,0.00271200446888164,16,0.415684667217335,0.0010820164196435,7,0.108438801878321,0.19188086659876,"Cis.Med","MO",0.00308465713584782,"ENSG00000282651","ENSG00000204894","chr14_106114510_A_G_b38","AdiposeSubcutaneous",101,285,195
2889,2,2.1332,16,10.3872,0,0.0210210733255134,0,0.00136120818876817,0.052,0.0475164142360776,0.416,0.392611091989848,0,0,0.00103078246462251,0.0104536419536107,0.278740937450124,-0.000431898733240725,-0.00124787414442293,0.00120219581952164,-0.00157349481839798,17,0.0461951080082052,-0.00100090275394428,19,0.372671752536792,0.0010296950662118,"Cis.Med","MO",2.47091510807707e-07,"ENSG00000158301","ENSG00000276958","chrX_102584895_C_T_b38","AdiposeSubcutaneous",573,6,2
3623,3,2.0918,24,12.3002,0.76,0.761174171049166,0.028,0.0270186724953883,0.014,0.0150599795903226,0.836,0.849241222819947,0,0.058,0.0541352456628661,0.0104276151056701,0.850227362269885,-0.000739615090044492,-0.0096174666317268,0.0246371409043663,-0.00810993169725402,15,0.0161731533636092,-0.00909857801415281,15,0.829475222594825,0.0619240122866674,"Cis.Med","MO",0.0030636366902741,"ENSG00000226380","ENSG00000199787","chr7_130882615_C_T_b38","AdiposeSubcutaneous",431,142,8
4216,4,3.0297,22,10.8293,0.568,0.563389524629917,0.104,0.115043067331108,0,7.76462492968477e-07,0.396,0.386563657019826,0,0.086,0.0960785778201303,0.00583538311135257,0.581422705854882,0.000541927462543034,0.00300392569170487,0.104820011444646,0.00173012508664858,18,1.68722702438416e-06,0.00514587038614162,13,0.469341405481666,0.117915356625921,"Cis.Med","MO",1.18442971408506e-05,"ENSG00000143178","ENSG00000251781","chr1_168286170_A_G_b38","AdiposeSubcutaneous",536,44,1
5247,1,0.3699,13,7.3808,0.308,0.319738289253634,0.446,0.442197195288445,0.176,0.155309026122757,0.2,0.209902565779712,0,0.458,0.481600516491452,0.493262380859578,0.824420930663035,0.000364292936208881,-0.00126031838851731,0.436287150374705,0.00137423021995882,14,0.146179206392885,-0.0027306728657702,16,0.212823984436966,0.497092585531653,"Cis.Med","MO",0.00131707039908924,"ENSG00000233098","ENSG00000217089","chr17_20917186_G_A_b38","AdiposeSubcutaneous",567,13,1
5449,1,0.8339,18,9.8778,0.016,0.0395508619917222,0.028,0.0436319360146602,0,0.000506011010907415,0.482,0.461350909955511,0,0.01,0.0118015132513141,0.00325019690252488,0.0319507584805985,-0.11732618302468,-0.199595566458067,0.0321789446769634,-0.14750010636169,21,0.000790612034385991,-0.226119708127153,15,0.458958803292082,0.00790983771610824,"Cis.Med","MO",0.0030905167791957,"ENSG00000165409","ENSG00000277423","chr14_80984708_C_T_b38","AdiposeSubcutaneous",262,240,79
5552,3,2.7285,16,10.0905,0.004,0.0121099857913329,0.834,0.834013340295801,0.32,0.312187343339997,0.544,0.545951982900385,0,0.288,0.286676057015627,0.364646351045736,0.870160610675262,-0.000327969612411735,-0.00215847086151956,0.839474642192183,0.000463195201327653,18,0.319106257283512,-0.00234758998830928,4,0.539345570447321,0.318914289716252,"Cis.Med","MO",0.000143481372609111,"ENSG00000131381","ENSG00000271798","chr3_15070831_G_GT_b38","AdiposeSubcutaneous",569,11,1
5764,3,2.8873,19,11.1732,0,2.57029413086585e-07,0.676,0.682447861086989,0.02,0.0222917618304221,0.918,0.890876296694098,0,0.718,0.735988587638434,0.505642239130631,0.923137665671311,2.32589338633729e-05,-0.000208171779884639,0.660930636236744,-0.000138789140310679,21,0.0190851704095858,-0.000725380203580793,3,0.8293804911547,0.833277710901555,"Cis.Med","MO",6.86250112291731e-08,"ENSG00000145075","ENSG00000279004","chr3_180850268_C_T_b38","AdiposeSubcutaneous",543,37,1
6204,0,0,16,8.5534,0.166,0.160116320201368,0.842,0.841419773668419,0.166,0.149265480127916,0.642,0.659114916164595,0,0.968,0.97873828878173,0.342654906486157,0.752755562991401,-7.7728410912584e-07,2.76064299085979e-06,0.864199383905564,-5.13179509986555e-07,19,0.150446741305598,4.31013992523802e-06,17,0.635041688113716,0.957855073893853,"Cis.Med","MO",1.64462616321082e-05,"ENSG00000121858","ENSG00000215000","chr3_172507695_G_A_b38","AdiposeSubcutaneous",507,70,4
6350,3,2.3407,28,14.5284,0.084,0.0651809346132683,0.038,0.0323204235240622,0.058,0.0474357372826428,0.138,0.15338521332007,0.02,0.016,0.00660690550839993,0.00724307730822917,0.096177868889932,224.01055839352,445.168123548371,0.0406404630423661,327.524165254534,23,0.0581339797209886,315.563725162726,10,0.156224160748248,0.0102750702235645,"Cis.Med","MO",0.00352949252480594,"ENSG00000111981","ENSG00000225972","chr6_149965889_C_A_b38","AdiposeSubcutaneous",509,67,5
7063,0,0,10,6.1083,0.41,0.424136678558787,0.626,0.657160046684901,0.282,0.276755079805933,0.682,0.720035894484949,0,0.422,0.420609386256294,0.615255784159717,0.186978522281679,0.000156676863294414,6.88321135861019e-05,0.697480892393005,5.37378689519598e-05,13,0.255179735216509,0.000156844738909457,7,0.714097549331775,0.393673388903249,"Cis.Med","MO",7.67247404160898e-05,"ENSG00000204315","ENSG00000257183","chr6_32130099_G_A_b38","AdiposeSubcutaneous",492,88,1
7164,3,2.3407,18,11.3779,0.044,0.0569005316967832,0.03,0.044167467204236,0.07,0.0793890976966991,0.81,0.816814772587437,0,0.12,0.135000009745057,0.136540403981602,0.623282285111977,-0.000615648889738412,-0.00212627643124879,0.0390957958647783,-0.00296081739387882,19,0.0761046879064139,-0.00257921387480485,16,0.838048204189653,0.140520788474355,"Cis.Med","MO",8.55975468359027e-05,"ENSG00000120685","ENSG00000211680","chr13_39017965_A_G_b38","AdiposeSubcutaneous",541,39,1
7250,1,0.7685,28,15.8987,0.368,0.371859266153393,0,3.38351067119547e-06,0.004,0.00292686637721928,0.092,0.109301407976611,0.002,0.002,0.00104267984881257,0.00574384949367988,0.437536088190615,0.0180861051435847,0.080561251335019,2.25718137853687e-06,0.136816471693324,29,0.00380960417973268,0.0857052393184086,10,0.0964789143306024,0.00104208401697987,"Cis.Med","MO",0.00154530497045413,"ENSG00000137817","ENSG00000232177","chr15_71755772_A_G_b38","AdiposeSubcutaneous",469,94,18
7388,1,0.474,22,13.5126,0.044,0.0510268444249895,0,0.00207017247790775,0,0.000598800749793682,0.264,0.279560275152084,0,0.542,0.525513612422043,0.0208175746659502,0.315149517068857,0.00235544471732467,0.00648603581818761,0.00237788955855561,0.00882344079106313,22,0.000588728727569897,0.00953320222683355,13,0.249366444126993,0.52645900793627,"Cis.Med","MO",4.13154517207026e-05,"ENSG00000158796","ENSG00000171931","chr1_160239483_C_T_b38","AdiposeSubcutaneous",538,42,1
8099,1,0.7685,15,9.4312,0.98,0.944009990104904,0.022,0.00976439941657858,0,0.00051832373475591,0.494,0.510254700927592,0,0.12,0.145093183334029,0.26573108584794,0.731071192624644,0.000351509858132314,-0.00141815967881395,0.011325719330165,-0.00330214278810893,18,0.000635288558042623,-0.00432319391219622,11,0.490025910712218,0.135498992445293,"Cis.Med","MO",0.000221413729837971,"ENSG00000165186","ENSG00000200313","chrX_23534092_C_G_b38","AdiposeSubcutaneous",572,7,2
8121,3,2.093,21,12.865,0.216,0.331469333693518,0.064,0.0690370540923269,0,0.000566002674185162,0.392,0.377116369855376,0,0,7.94325871051882e-05,0.0555783287206388,0.680848296329986,-0.0314055199417657,-0.181233952743259,0.0556979561739182,-0.184293188404031,22,0.00110621189425546,-0.312521319784595,15,0.339458506001018,7.47591995553959e-05,"Cis.Med","MO",0.00140219265425046,"ENSG00000120742","ENSG00000198868","chr3_150546443_A_G_b38","AdiposeSubcutaneous",566,14,1
8295,2,2.1332,13,8.5663,0.01,0.00735931264949019,0,5.08756105110919e-06,0.514,0.536278745862227,0.604,0.596976318802287,0,0.004,0.00740269088177858,0.00561953057793676,0.0845687050019911,-0.000106158050183129,-0.000196456922506141,1.72474990896059e-05,-0.000287458497083163,16,0.514392272817018,-4.4975689931578e-05,4,0.542705079295853,0.00581817153498443,"Cis.Med","MO",9.33771726607802e-10,"ENSG00000131871","ENSG00000254961","chr15_101494716_G_A_b38","AdiposeSubcutaneous",567,13,1
8691,3,2.0565,13,7.8515,0,2.76447742475483e-08,0.182,0.178341320169559,0.16,0.159043700226143,0.846,0.842277913905972,0,0.458,0.463701418463619,0.211531437735902,0.152009973179858,0.00018584319681203,0.000183005285533374,0.185946351157696,-0.000194682138832233,15,0.142248976111604,0.000212772447683092,15,0.852691499449565,0.437501883905557,"Cis.Med","MO",0.000385043986007805,"ENSG00000270504","ENSG00000252935","chr6_3750371_G_C_b38","AdiposeSubcutaneous",570,10,1
8746,7,4.4247,33,16.097,0.548,0.583710619375623,0,9.72388944675551e-06,0.564,0.528667568271917,0.502,0.498637586308388,0.002,0.012,0.0133293703494366,0.0050909350687017,0.694957730842859,-0.000469601149587495,-0.00403019653467086,3.05035706662965e-05,-0.00596885700620677,21,0.505085239452957,-0.000932728993757301,2,0.52825812845905,0.0141400851902792,"Cis.Med","MO",0.00196162901212871,"ENSG00000166869","ENSG00000236803","chr16_23334500_C_T_b38","AdiposeSubcutaneous",568,13,NA
8764,3,2.0103,21,11.7137,0.1,0.0843123377605883,0.098,0.111680766504468,0.602,0.577115410120044,0.098,0.105015695974961,0,0,0.000640758385823004,0.140513419989379,0.0903369518805712,0.000378352859351568,-0.000368263230577488,0.119554156189519,-0.000391606788837898,18,0.612915503766938,-0.000126727883709055,1,0.0849047247156537,0.000620467738127525,"Cis.Med","MO",0.000381676833164368,"ENSG00000183401","ENSG00000280201","chr19_11306949_G_A_b38","AdiposeSubcutaneous",558,22,1
8771,1,1.0426,10,6.2238,0.058,0.027753630688284,0.856,0.866236730162672,0.284,0.286827221603449,0.14,0.141974090931479,0.024,0.696,0.698030368853172,0.819394314685607,0.702260244900522,-1.23541673445195e-05,8.796169616252e-06,0.885970945368102,-5.47045198665543e-06,13,0.284743086367494,4.16812219394623e-05,12,0.126768009395564,0.750748859857692,"Cis.Med","MO",0.00199460167476495,"ENSG00000163660","ENSG00000236691","chr3_156873393_G_A_b38","AdiposeSubcutaneous",542,38,1
8876,1,0.6241,13,7.939,0.298,0.297853325892846,0.258,0.256732677371964,0.342,0.356070428307229,0.436,0.421891452966076,0,0.024,0.0309045431879305,0.318431009551016,0.991954005367397,-0.00184342667247176,0.212356940865082,0.263779577804012,-0.244586416995167,16,0.350926069439727,0.196677166283624,11,0.370475307536859,0.0254940481702115,"Cis.Med","MO",0.000307384056799753,"ENSG00000166974","ENSG00000239839","chr18_35953399_C_G_b38","AdiposeSubcutaneous",564,16,1
8881,4,3.5547,29,17.6666,0.124,0.115507333083031,0.032,0.0286471034028439,0.62,0.604375936714676,0.186,0.169440807192799,0.002,0.008,0.00473907610257163,0.00365597168449954,0.140778046465271,0.333890975562545,0.747232699379856,0.0277407542549469,0.556446081455278,15,0.61541351637628,0.127154958758015,8,0.158859569122599,0.00314190918419876,"Cis.Med","MO",0.00335116993601536,"ENSG00000104756","ENSG00000181061","chr8_25420993_C_T_b38","AdiposeSubcutaneous",199,290,92
9120,0,0,9,4.527,0.262,0.264694290094037,0.954,0.955589561231546,0.018,0.0227534287623097,0.224,0.214913369646488,0.002,0.048,0.0497141026000067,0.069316150294986,0.451039478328467,1.04931844433788e-07,2.72916667846229e-07,0.942146600230688,1.02367796086358e-08,10,0.0150785868764241,3.69012672403165e-07,5,0.175970916065677,0.0400797598926975,"Cis.Med","MO",0.00193205971016375,"ENSG00000135821","ENSG00000226547","chr1_181650784_A_G_b38","AdiposeSubcutaneous",535,45,1
9528,4,3.5495,24,13.5829,0.078,0.0631183360445826,0,0.000607307335649621,0,6.7584864504866e-07,0.004,0.00480137092037491,0.004,0.016,0.0108694301043981,0.00357373073601233,0.0802837057013844,0.0166165492989648,0.0289636944624209,0.000529412382975805,0.0338310531056875,17,1.61723601462158e-06,0.0472862098930274,4,0.00480279291717789,0.0093955398354692,"Cis.Med","MO",0.00267509951496891,"ENSG00000181722","ENSG00000252091","chr3_114304605_C_A_b38","AdiposeSubcutaneous",548,33,NA
9604,1,0.2917,18,5.6031,0.002,0.000269047167121395,0.254,0.271175173108191,0.128,0.138898170293593,0.208,0.210050428807274,0.008,0.172,0.190823971845792,0.0680669803272051,0.32669812194288,0.000212070736197217,0.00037808833882067,0.298445643518799,0.000218945803788917,12,0.144224719562726,0.000305490786815885,9,0.280596305413735,0.169366828871759,"Cis.Med","MO",0.00117365135613245,"ENSG00000101306","ENSG00000239792","chr20_31795363_A_G_b38","AdiposeSubcutaneous",462,109,10
9680,4,2.0149,30,16.7263,0.986,0.977960187652749,0.002,0.00181934609782131,0,4.49568363467545e-05,0.168,0.166250422569578,0,0.028,0.0201987240027646,0.00569431192572145,0.928964168149143,0.00010094877347229,-0.00282903293812686,0.00109090262446332,-0.00325445560084438,13,0.000119817767331457,-0.00392387877757888,13,0.151431122187439,0.0229195190663021,"Cis.Med","MO",0.0025099389612262,"ENSG00000154930","ENSG00000199601","chr20_25059305_AGGGCTTGCAGAG_A_b38","AdiposeSubcutaneous",458,109,14
9788,0,0,14,8.1469,0.636,0.633501431474359,0.012,0.0051966045095746,0.05,0.0534799543527886,0.226,0.226214191110863,0.002,0.01,0.00942343345394114,0.0498539418472832,0.52208208906291,-0.000310755452855824,-0.00107997044798331,0.00482614005698131,-0.00159464766842942,14,0.0577817717919324,-0.0010392566635742,1,0.189322767468516,0.00957777723153333,"Cis.Med","MO",0.000933434230383057,"ENSG00000232324","ENSG00000199857","chr19_54710153_G_A_b38","AdiposeSubcutaneous",537,43,1
9802,1,0.7685,15,7.1755,0.006,0.00298264287356331,0.296,0.299266011903297,0.536,0.541763995175147,0.024,0.0206744993519572,0,0.038,0.0426030704626057,0.873176399513019,0.38408728088716,-0.000401638098537417,-8.22486528082425e-05,0.259510001246153,-0.000607122080891931,16,0.524519675345267,-0.000323467487633269,15,0.0175640020925936,0.0723261567640315,"Cis.Med","MO",0.000630937591598268,"ENSG00000260139","ENSG00000217089","chr15_78720267_G_T_b38","AdiposeSubcutaneous",568,12,1
9839,6,3.5303,20,11.5773,0.022,0.0127053868947993,0.826,0.830928142587958,0.756,0.790461337513804,0.118,0.104732368917155,0,0.01,0.011869678733341,0.937764974203491,0.000697189327070217,-0.0082884771934383,-0.000326640203616134,0.808411627552821,-0.000994969789447178,17,0.678989352739066,-0.0017547543387329,18,0.0335603540841514,0.0106501973523293,"Cis.Med","MO",0.000366082251016753,"ENSG00000179454","ENSG00000275508","chr14_44133988_C_T_b38","AdiposeSubcutaneous",568,12,1
10051,1,0.7685,13,9.3627,0.344,0.353979391240747,0.27,0.256060558509577,0.194,0.188963354806489,0.868,0.858060459299264,0,0.938,0.955875821768492,0.619004411490828,0.666067491139638,5.81748728745653e-05,-7.67436522903842e-05,0.266925956664704,-0.000167752394036891,16,0.212044654214926,-0.000190638525320327,18,0.843461222920106,0.943463827570328,"Cis.Med","MO",2.52283997148606e-05,"ENSG00000125378","ENSG00000221525","chr14_54071054_A_G_b38","AdiposeSubcutaneous",567,13,1
10097,1,1.2459,26,14.9291,0.116,0.0255147235233126,0.002,0.00208688976456695,0,4.75598350080375e-06,0.012,0.0130666626578058,0.006,0,8.63371740431607e-05,0.000499985226938511,0.0248445011277054,0.00597190870807147,0.0101591207718305,0.00275476134166377,0.0088287133152186,23,6.68198086057426e-06,0.0132524525055497,15,0.0106361278744535,7.92376369968055e-05,"Cis.Med","MO",0.000289928415422747,"ENSG00000235238","ENSG00000252977","chr6_29517678_C_T_b38","AdiposeSubcutaneous",559,22,NA
10130,3,3.1224,8,4.6979,0.9,0.662561088387911,0,7.71995163388883e-05,0,2.11046540310456e-06,0.002,0.00221932790929147,0.002,0,3.32107052007924e-05,0.00161196746165571,0.678884255718444,-6.95070370934197e-06,7.02947790202628e-05,6.4828889679275e-05,9.08800537644204e-05,10,1.71599991947805e-06,0.000109946563653103,18,0.00185846237885308,8.26196472338963e-05,"Cis.Med","MO",0.000240527929735723,"ENSG00000115956","ENSG00000251339","chr2_68247159_T_TGCCCAGGCTGGTCTGGAACTCTTGAGCCCAAGATCCATCTGCCTCGGCCTCCCAAAGTGCTTGGATTGTAGGGATGA_b38","AdiposeSubcutaneous",571,10,NA
10184,2,0.5774,29,10.4796,0.164,0.173686247881572,0.076,0.0693511212752285,0,2.45211880016694e-05,0.708,0.697361587282546,0.006,0.556,0.567011420187685,0.0430078292730463,0.659723349935094,-0.000308284220501059,-0.00141658773471117,0.0594594277965442,-0.00126487769594277,15,2.94949955029756e-05,-0.00294810607268905,15,0.792642945498637,0.593667185578967,"Cis.Med","MO",0.00317076462000165,"ENSG00000130957","ENSG00000250074","chr9_93751974_C_T_b38","AdiposeSubcutaneous",560,19,2
10288,2,1.418,19,12.1415,0.908,0.890652556390557,0.804,0.841140656784896,0.48,0.472811604815882,0.774,0.79677641950058,0,0.456,0.450266480952304,0.510765039461194,0.784169407419922,0.000346099125076528,-0.00106499751688138,0.893413952345387,-0.000219239829479454,22,0.475158419251109,0.00117514011507899,18,0.800462164843759,0.436304505970178,"Cis.Med","MO",2.293714188073e-05,"ENSG00000235576","ENSG00000259984","chr2_8361005_C_T_b38","AdiposeSubcutaneous",569,11,1
10553,0,0,18,10.1439,0.588,0.615671637859283,0,0.00165179349553535,0.106,0.106811422744402,0.056,0.0530990977364416,0.004,0.016,0.0228475523659772,0.00124548240366184,0.0630163677521622,0.000114864818487226,0.000195006962560283,0.0019894073460678,0.000188735389913018,16,0.124382254304465,9.20816346336526e-05,3,0.0197193631950471,0.0218527935486958,"Cis.Med","MO",0.0014559710790869,"ENSG00000249274","ENSG00000259836","chr3_99514525_A_T_b38","AdiposeSubcutaneous",530,50,1
10621,1,0.8604,19,11.62,0,0.000304324133593159,0.072,0.0625993386181842,0.792,0.796778094975087,0.776,0.761434504427307,0,0.362,0.367137150804903,0.286995391414239,0.879474224073121,0.000222542974045505,-0.00177349413435424,0.0570623394595846,-0.00318349114252511,20,0.777077203013428,-0.000470172273541838,15,0.873932108463007,0.375620699582341,"Cis.Med","MO",3.17745928968272e-06,"ENSG00000162928","ENSG00000239183","chr2_60446265_T_C_b38","AdiposeSubcutaneous",570,10,1
10922,2,1.5579,15,8.9079,0,0.00014727008122617,0,0.000491981204066683,0.01,0.017271592934951,0,0.000221644594888382,0.002,0.004,0.00089499460259379,0.000242190704582296,0.000598922142616031,0.000517608765309973,0.000647290222574926,0.000439028345148882,0.00061001297859533,17,0.00689617362597099,0.00047087767057114,2,6.84465787876956e-05,0.000667887969895397,"Cis.Med","MO",0.000144459028954991,"ENSG00000096080","ENSG00000239190","chr6_43865797_GA_G_b38","AdiposeSubcutaneous",567,13,1
10924,5,3.5201,20,11.606,0.004,9.59450676472073e-05,0.714,0.748065482762026,0.108,0.0956681134620809,0.738,0.761187193866016,0,0.39,0.378036365453256,0.0998257483110813,0.16551159929273,-0.115498256347678,-0.188119197607777,0.74246299913995,0.0378669881443418,21,0.0912334953644577,-0.193983830428028,15,0.769682937477238,0.362079252988993,"Cis.Med","MO",0.000505410797070338,"ENSG00000188338","ENSG00000255501","chr3_50312030_C_A_b38","AdiposeSubcutaneous",493,85,3
10990,1,1.0906,15,8.8685,0,6.71662028530751e-05,0.372,0.369601628959871,0,0.000679356441304124,0.936,0.896390220355094,0,0.026,0.0268766133429599,0.0275077166891761,0.389665723113384,-0.000637448000799939,-0.00180338488843495,0.363226065895822,-0.000695452338513252,15,0.000597827144834559,-0.00282463045975498,19,0.912268772357765,0.0323315452850345,"Cis.Med","MO",1.00966190963447e-08,"ENSG00000253796","ENSG00000207104","chr8_108262302_C_G_b38","AdiposeSubcutaneous",560,19,2
11026,6,3.0405,22,11.9784,0,2.6426096644272e-08,0,1.58595972319375e-05,0.024,0.023956140347557,0.636,0.629529815249286,0,0,7.53169075227156e-05,6.46292638461282e-05,2.18284977311744e-05,-0.00152203569991762,0.00168723175145638,2.66699745140059e-05,0.00179156375982552,15,0.0225022706879235,0.000960344628604141,18,0.535365099313524,0.000116242639538763,"Cis.Med","MO",6.35285031247435e-06,"ENSG00000189367","ENSG00000237261","chr6_127473826_G_A_b38","AdiposeSubcutaneous",563,17,1
11029,3,2.2155,25,13.8824,0.786,0.772007774911702,0.288,0.276566128310477,0.094,0.0970767349880992,0.402,0.399694048764597,0,0.256,0.252807537997464,0.209059792215762,0.181154224210163,-0.00329515404903255,0.00333027110229058,0.316372554457256,0.00267588045569947,20,0.0898204695763111,0.00443953449454475,15,0.252321174463039,0.235375844000052,"Cis.Med","MO",0.000150037063539887,"ENSG00000196684","ENSG00000231011","chr19_15628920_T_C_b38","AdiposeSubcutaneous",567,13,1
11065,3,2.0069,17,10.8347,0.53,0.557600106070195,0.002,0.00340720862541799,0.076,0.0795832925198359,0.982,0.970890763468332,0.012,0.106,0.117940791633381,0.0366683458975787,0.740976097809342,7.14105573188803e-05,0.000569504898412113,0.00366814906196338,0.000807006989890743,20,0.0731494886822519,0.000495074205131001,15,0.995741856090736,0.110888698862449,"Cis.Med","MO",0.001876764885413,"ENSG00000162595","ENSG00000214071","chr1_68852118_G_A_b38","AdiposeSubcutaneous",5,17,559
11199,1,1.0426,15,9.0232,0.286,0.266147867519515,0.208,0.222916432206051,0.028,0.0168906610337063,0.986,0.970713300084616,0,0.454,0.473038835938645,0.109611524283663,0.426665439503511,0.000481012910793793,0.00115287973035876,0.239005831783541,0.000886346503675185,16,0.0164926150001064,0.00175655312353964,18,0.938145768313143,0.50195464487117,"Cis.Med","MO",0.00179000626152015,"ENSG00000180828","ENSG00000207868","chr8_65061862_A_T_b38","AdiposeSubcutaneous",560,19,2
11204,4,2.8839,19,11.4629,0.008,0.0116004484101007,0.736,0.715008159687648,0.006,0.00436383186255962,0.592,0.6329526547611,0.002,0.464,0.50259724674243,0.640780990194168,0.78130475355657,-0.000519226861278615,0.00113855017471898,0.701605596891031,-0.00093745322428476,20,0.00550180236392817,0.00685000075254339,18,0.750665063979209,0.501816486333965,"Cis.Med","MO",0.000526800778659187,"ENSG00000161405","ENSG00000201243","chr17_39789872_C_T_b38","AdiposeSubcutaneous",518,62,1
11232,3,2.8608,14,8.8439,0.012,0.00948692686088126,0.124,0.124322396953467,0.728,0.724815091750774,0.248,0.261917110412027,0.004,0.098,0.104890381155125,0.120185860601253,0.300605368882018,-1.33196807049424e-05,-2.34847129712162e-05,0.117631523412078,-2.35781919256905e-05,15,0.713932520440507,-5.468706967232e-06,3,0.282094297354757,0.126117994290095,"Cis.Med","MO",0.00294940926423659,"ENSG00000011198","ENSG00000234524","chr3_43691432_C_G_b38","AdiposeSubcutaneous",538,41,2
11309,1,1.2459,12,8.0509,0.982,0.996716896219593,0.176,0.192443647502088,0.612,0.633548875054526,0.98,0.992825197392339,0,0.028,0.0471029655796924,0.250455987113485,0.611832308152251,-0.0056690679351478,-0.0150528820921901,0.171277994642938,-0.0179864217614319,15,0.645874398272168,-0.0060993352532621,9,0.984884365835142,0.0678856526908444,"Cis.Med","MO",0.00112673396517149,"ENSG00000227347","ENSG00000259984","chr2_136309210_C_T_b38","AdiposeSubcutaneous",565,15,1
11407,0,0,8,3.3193,0.95,0.939423107106742,0.83,0.819741882544794,0.86,0.854396796828767,0.356,0.356378398037755,0.002,0.98,0.968349221622756,0.605180744217805,0.508665989660687,8.62816727879639e-07,-7.1595084111584e-07,0.884313022455687,2.03390582755607e-07,9,0.810650890806896,-3.39636124944484e-07,16,0.32445996151125,0.994255541815935,"Cis.Med","MO",0.00271614027217026,"ENSG00000079308","ENSG00000242998","chr2_218064194_G_A_b38","AdiposeSubcutaneous",547,33,1
11452,2,0.7778,28,12.8689,0.026,0.00478632065456064,0.034,0.030376283773953,0.022,0.0262400046218536,0.244,0.247367552775078,0,0.046,0.0511803863235036,0.0746411735254625,0.524838996544543,4.87312720883738e-05,0.000158943633390643,0.038966777502649,0.000183612536348425,23,0.0261348299171021,0.00019877950672453,11,0.318565818705159,0.0521145759671847,"Cis.Med","MO",0.000486467807401025,"ENSG00000166145","ENSG00000188438","chr15_39958531_G_C_b38","AdiposeSubcutaneous",548,32,1
11493,2,0.2349,9,3.0272,0.15,0.126268891179255,0.866,0.860186571150941,0.106,0.0945832044939181,0.246,0.205167055265601,0,0.74,0.702558700343204,0.926339776080157,0.280444531821161,-0.000122825616862014,1.19848940519359e-05,0.863629514193244,2.20506025141168e-05,12,0.0563322756499289,0.000246217570380833,13,0.161406695322262,0.62725138541326,"Cis.Med","MO",2.95026231300621e-05,"ENSG00000134760","ENSG00000207580","chr18_32253765_C_A_b38","AdiposeSubcutaneous",546,34,1
3933,0,0,13,7.3976,0,8.79631037875583e-06,0.002,0.00460167781565946,0.002,0.0032385742009029,0.182,0.192132272532274,0.31,0.006,0.00232180790796876,0.0828100906071743,0.11467718761353,5.61768410242371e-06,6.89507662692131e-06,0.00655077875927145,1.08736179549134e-05,15,0.00313710591684517,1.15923237008238e-05,4,0.122346165252974,0.00212493606985594,"Trans.Med","MO",0.000292093330879872,"ENSG00000136156","ENSG00000255347","chr13_48119232_G_A_b38","AdiposeSubcutaneous",562,18,1
5984,0,0,10,4.6725,0,1.81512830421671e-05,0.792,0.825768604617344,0.598,0.60710121532266,0.174,0.178098323903838,0.026,0.612,0.608533936459879,0.873648342736111,0.945739507145284,-3.64502890827523e-07,8.35700894720655e-07,0.774807297854009,-1.54165978359498e-06,9,0.538762865632851,3.26239642679689e-06,16,0.10255084532299,0.562189126106067,"Trans.Med","MO",0.000733114224467535,"ENSG00000161960","ENSG00000242586","chr17_7578970_AAC_A_b38","AdiposeSubcutaneous",550,30,1
6173,2,0.1507,18,7.6933,0.018,0.00815245889896543,0.948,0.982430074802636,0.18,0.195456868093189,0.066,0.065846117947058,0.008,0.228,0.230914144064782,0.634746349074014,0.662285113889661,7.65387466513883e-07,1.02873064779888e-06,0.908848828141833,-2.49918340275875e-07,18,0.186326250624307,-2.91493857674366e-06,16,0.0716743609649708,0.19982202057624,"Trans.Med","MO",1.92555429379127e-08,"ENSG00000008988","ENSG00000206661","chr8_56073068_TC_T_b38","AdiposeSubcutaneous",567,13,1
6362,1,0.8489,19,12.4329,0,9.0220275694719e-11,0.054,0.0687481756476576,0.72,0.732049076261438,0.004,0.0052945264836759,0.038,0.034,0.027182607697938,0.316453682776549,0.0583530290550262,-3.30846499016517e-06,-2.20154302132225e-06,0.0701634721988096,-4.032228836574e-06,21,0.734084429359731,-7.52337411986931e-07,15,0.00566286678926199,0.0278531633391287,"Trans.Med","MO",2.63677968348475e-09,"ENSG00000101150","ENSG00000226270","chr20_63882170_C_T_b38","AdiposeSubcutaneous",554,26,1
7632,0,0,14,7.339,0,4.70907510981e-05,0.198,0.171324051763257,0.87,0.854490335701821,0.872,0.851926141020184,0.814,0.27,0.258100666556273,0.578311652020557,0.634315127630055,-5.47267703866059e-06,7.03945385491463e-06,0.167615122216902,1.85061021443439e-05,15,0.831173268197867,2.71943845248048e-06,14,0.909895034563944,0.263036383445033,"Trans.Med","MO",2.98266019593818e-06,"ENSG00000223865","ENSG00000251759","chr6_33767491_CGAGGCCTCCT_C_b38","AdiposeSubcutaneous",563,17,1
8329,5,3.2789,28,12.1046,0.54,0.502553433637505,0.088,0.0734051367047426,0.108,0.10844808617561,0.392,0.382375781083314,0.414,0.51,0.518139411332848,0.744899632736319,0.229819601634196,6.13007086137307e-05,1.39827377183437e-05,0.0731536976321663,7.78641226468335e-05,17,0.128687544098089,6.54549832081284e-05,15,0.896272683853389,0.441872058626662,"Trans.Med","MO",0.00256320637646779,"ENSG00000071242","ENSG00000278551","chr6_166637911_C_T_b38","AdiposeSubcutaneous",560,20,1
8331,4,2.2422,31,15.8762,0.024,0.0214920919947288,0,0.00196809167964984,0.004,0.0041838621524386,0.696,0.677518175204709,0.21,0.23,0.225750297234931,0.158121027236186,0.458079963447178,-0.0105624521963593,0.0235045907563286,0.00148546617680947,0.0516426875930674,20,0.00478274062538635,0.0467856637402541,6,0.895686626193118,0.253058023259682,"Trans.Med","MO",3.79365104192786e-05,"ENSG00000182934","ENSG00000228639","chr11_126095074_T_C_b38","AdiposeSubcutaneous",565,15,1
8469,2,0.6981,31,14.4858,0.012,0.00501147647799716,0.582,0.591539085000065,0,0.000165765492989634,0.018,0.0227122208959607,0.018,0,0.000212302113481666,0.0190511407230557,0.0351495370538625,-0.000105270699410157,-0.000144746507177185,0.561687432618429,-3.60253038896516e-05,20,0.00016972116889468,-0.000238025302565321,16,0.0255777247412361,0.000190166793945532,"Trans.Med","MO",7.52369099887851e-06,"ENSG00000145936","ENSG00000263435","chr5_170389370_C_T_b38","AdiposeSubcutaneous",509,69,3
8572,0,0,16,6.8248,0,0,0,2.36995595028766e-05,0,9.04437148929738e-06,0.936,0.928822464663567,0.516,0,7.61935505200206e-05,0.00232430670066198,0.0609278542882423,4.82005845566887e-05,7.38866044020525e-05,1.55171764317495e-05,0.000110270418968233,12,6.99911933005794e-06,0.000111217226750232,5,0.25038910057904,0.000117676407291591,"Trans.Med","MO",0,"ENSG00000118432","ENSG00000238616","chr6_89070363_G_A_b38","AdiposeSubcutaneous",552,28,1
9053,2,1.4966,17,10.4073,0.188,0.195851547087837,0.43,0.413926784246232,0.388,0.385409739807747,0.96,0.98768231074406,0.232,0.104,0.0905974159393277,0.27875608509915,0.195194940283569,3.99424184953789e-05,3.9789690539412e-05,0.377380923504742,3.20030857726024e-05,19,0.436220854282154,2.85368799822215e-05,2,0.872755601920217,0.0745420958081434,"Trans.Med","MO",0.00157713811999982,"ENSG00000170881","ENSG00000233807","chr8_123845494_C_T_b38","AdiposeSubcutaneous",538,42,1
9231,7,3.9812,19,10.2476,0.442,0.461972035615887,0.816,0.808512057563906,0.02,0.0273682549721579,0.564,0.564218841582593,0.622,0.272,0.266138457818251,0.630867337258672,0.799804241228074,9.2566139949982e-06,-2.21230372176574e-05,0.840523527025681,-9.41884398765988e-06,18,0.0295314167762944,-9.95654499949089e-05,11,0.579608787637584,0.285792496041417,"Trans.Med","MO",2.02562798572448e-05,"ENSG00000242071","ENSG00000279226","chr14_70483698_C_T_b38","AdiposeSubcutaneous",531,49,1
9711,3,1.4883,24,12.3472,0,0.00062277598911864,0.742,0.726940423176573,0.204,0.19220641679512,0.686,0.670100965539458,0.006,0.576,0.600443946466489,0.992909938431249,0.697596414965327,2.55515908540664e-05,6.71108358222352e-07,0.756726067059645,2.306179941563e-05,21,0.172378336326673,0.000104944847767916,17,0.459561263430737,0.664319346426392,"Trans.Med","MO",0,"ENSG00000197324","ENSG00000207838","chr14_23388359_G_GGT_b38","AdiposeSubcutaneous",568,12,1
9774,1,0.9363,14,7.9322,0.03,0.0221893362339265,0.996,0.999768487962624,0.572,0.561533847386095,0.224,0.246772495605087,0.446,0.272,0.283687112747807,0.829376362230934,0.834076105717643,-1.97436487082693e-05,-2.10636619044766e-05,0.999916178686704,-9.97536446336935e-09,13,0.522251003836177,6.26052285357374e-05,18,0.236721829488226,0.329271901769686,"Trans.Med","MO",3.55183871203479e-08,"ENSG00000137033","ENSG00000266649","chr9_6197913_G_A_b38","AdiposeSubcutaneous",566,14,1
10181,1,0.2047,21,11.8535,0.046,0.0587074278898188,0.79,0.811996274320578,0.91,0.925117506396713,0.306,0.300031247804436,0.622,0.52,0.535594741075487,0.956393296762286,0.691650050057494,1.419976643243e-06,1.99500669694208e-07,0.83819857416268,-6.99589716191213e-07,18,0.891630182950647,-4.87029115125932e-07,4,0.354024153989722,0.548759615886214,"Trans.Med","MO",3.39084177625182e-07,"ENSG00000216490","ENSG00000207838","chr19_18576229_C_G_b38","AdiposeSubcutaneous",564,16,1
10334,2,1.903,19,10.9697,0,3.18345928951302e-07,0.854,0.838579011988361,0.558,0.568520881339047,0.932,0.919283143090238,0.094,0.09,0.0933563926886254,0.598525412799089,0.840217645270186,-1.00128242102445e-05,-3.03352947049623e-05,0.820809296014064,-1.28249952227802e-05,20,0.594037584502164,3.08633708958782e-05,8,0.948814069839557,0.109084431828744,"Trans.Med","MO",6.21859129990021e-06,"ENSG00000143621","ENSG00000207084","chr1_153855903_G_A_b38","AdiposeSubcutaneous",564,16,1
10501,1,0.5756,17,10.6494,0,2.48360407710813e-05,0.878,0.900746346783282,0.46,0.44248950395524,0.826,0.842386169952958,0.942,0.954,0.981720085946422,0.930028905378829,0.667753096792446,0.000347684093104909,8.70770660739993e-05,0.925649900289519,-9.12215809349804e-05,19,0.423341233970082,0.00079229780258364,8,0.868085643824572,0.998633601606703,"Trans.Med","MO",0.0021752874817722,"ENSG00000168172","ENSG00000252861","chr8_43124847_C_T_b38","AdiposeSubcutaneous",552,28,1
11386,0,0,10,4.4939,0,0,0.184,0.181595140824903,0.194,0.200716604329511,0.112,0.112812954221942,0.302,0.814,0.788232025324948,0.848722322205888,0.401195592492852,1.38760312215714e-07,3.07036717346846e-08,0.217933607995783,-1.94832387401422e-07,9,0.207842873924681,2.01534898007245e-07,2,0.123135476847715,0.802077706298435,"Trans.Med","MO",4.44089209850063e-16,"ENSG00000107796","ENSG00000254156","chr10_89476359_G_A_b38","AdiposeSubcutaneous",565,15,1
11483,1,0.8339,12,7.0462,0.032,0.0433908871762634,0.106,0.113765310574098,0.002,0.0018164551315285,0.01,0.010499262442915,0.016,0.392,0.38734585374427,0.122152407701866,0.157226177319866,-8.92051660619035e-06,-1.13909720926603e-05,0.124012845979812,-1.1503939032817e-05,15,0.00222336870894982,-2.2531390776675e-05,16,0.0126123390201643,0.385136307566062,"Trans.Med","MO",0.00193021569579965,"ENSG00000168899","ENSG00000230114","chr2_85445017_C_T_b38","AdiposeSubcutaneous",567,13,1
11534,2,1.9395,16,10.0464,0,0.00135095157526544,0.454,0.44648036157633,0.716,0.732794449790414,0.966,0.998091822662264,0.596,0.98,0.976429705064673,0.770125108968416,0.332747930950783,-3.50953242472648e-05,-1.2600084312871e-05,0.432715718015234,-3.41748534934271e-05,18,0.723870319282034,-1.51774279898979e-05,15,0.962102957482493,0.955186972173089,"Trans.Med","MO",4.11578518160205e-05,"ENSG00000077782","ENSG00000201634","chr8_37928559_C_T_b38","AdiposeSubcutaneous",556,23,2
