"Trio.Num","Num.pcs.MRPC","Per.var.MRPC","Num.pcs.GMAC","Per.var.GMAC","Med.pvalue.MRPC","Med.coef.MRPC","Med.pvalue.GMAC","Med.coef.GMAC","STM.med.p","STM.med.coef","STM.perm.p","LTM.med.p","LTM.med.coef","LTM.perm.p","Perm.p.MRPC","STM.dim.diff","LTM.dim.diff","Med.type","ADDIS.inf.Class","Perm.p.GMAC","cis.gene","trans.gene","snp","Tissue","TGM.p","hr","het","ha","TGM.perm"
9,0,0,25,12.9331,1.4249690945688e-127,0.0855739705860442,2.16161163717081e-69,0.0903901358116792,8.39725412450241e-68,0.0839073049229909,0,5.90252253671332e-75,0.091168166314476,0,0,28,12,"Both","M3",0,"ENSG00000163682","ENSG00000237550","chr4_39448204_G_A_b38","AdiposeSubcutaneous",9.18340782994871e-128,65,257,259,0
126,0,0,12,6.2862,6.11655893131954e-05,-616.240503838552,1.29609220390171e-05,-588.945734116168,0.00030531149441601,-524.475867491455,0,1.34056005160173e-06,-683.354647590209,0,0,10,2,"Both","M3",1.56940013797957e-05,"ENSG00000272030","ENSG00000198840","chr1_153632380_A_T_b38","AdiposeSubcutaneous",0.00178481742114506,101,267,213,0.006
170,2,1.9245,20,12.0776,0.459880325255388,-0.4774742847258,0.000222953460131029,-0.0856834432844917,0.00129108842272671,-0.425348947943989,0,6.39522827994937e-05,-0.521553154060452,0,0.362,16,17,"Both","M3",0.000326262249219944,"ENSG00000041802","ENSG00000198417","chr3_194648850_C_A_b38","AdiposeSubcutaneous",0.0463758343190358,424,144,13,0.08
188,1,0.7496,23,13.3194,0.00516465096333088,-0.102200012739907,0.000381938633298274,-0.0741451844580644,0.000126700483249327,-0.105310177204429,0,0.00585415775704015,-0.0803603835821852,0,0.004,20,17,"Both","M3",0.000162157082754355,"ENSG00000267107","ENSG00000232177","chr19_41483803_T_C_b38","AdiposeSubcutaneous",0.0354127578664497,299,206,76,0.142
221,0,0,11,7.7662,1.78085594993092e-05,0.0186523892054955,0.000357583606557798,0.0217502877771184,0.00088757504089246,0.0168638663979303,0,0.0160826115649587,0.0124894532886321,0.016,0.002,12,3,"Both","M3",0.000931340920510726,"ENSG00000173156","ENSG00000182264","chr11_67056790_C_T_b38","AdiposeSubcutaneous",0.000275431615697991,477,93,11,0
368,0,0,11,7.4725,0.00401934988100533,0.357373284280129,0.000118249703950773,0.284163418927541,3.12444211363176e-05,0.391589018736309,0,0.00018889931488293,0.342522714635307,0,0.014,9,8,"Both","M3",0.000216886556267504,"ENSG00000204778","ENSG00000228522","chr9_65306506_A_C_b38","AdiposeSubcutaneous",0.221591315044979,192,339,50,0.006
453,0,0,7,4.684,1.591579289101e-06,-11.2871319882359,1.08604084775545e-05,-12.3320450680211,9.56593557723585e-08,-13.4476004010056,0,3.00383243183175e-07,-13.4508709888181,0,0,10,12,"Both","M3",5.83911151927907e-05,"ENSG00000157322","ENSG00000196436","chr16_70113373_T_A_b38","AdiposeSubcutaneous",2.65113776378355e-08,274,246,61,0
574,1,0.7281,9,6.4899,4.79579334385509e-08,0.021328584601009,6.8111350606374e-07,0.0228146292503534,0.000179844138465441,0.0167183186256799,0,2.94208264525597e-08,0.0235208994343077,0,0,12,4,"Both","M3",1.37640912223347e-07,"ENSG00000276550","ENSG00000180229","chr15_22574358_G_GTGAAGGGTGGC_b38","AdiposeSubcutaneous",1.72905442146982e-07,341,211,29,0
670,0,0,13,7.9727,0.0143050308463939,-0.0115497621021976,0.000147454121712316,-0.00697176180800628,4.61015205661129e-06,-0.0139815234834156,0,2.23559185112201e-06,-0.0146004485336635,0,0.038,15,10,"Both","M3",0.000511497245785364,"ENSG00000188626","ENSG00000261739","chr15_28738956_A_G_b38","AdiposeSubcutaneous",0.108604426165472,246,261,74,0.002
693,0,0,9,5.4373,0.0778035609007271,0.0271349803663854,0.000680352823350907,0.0129393091622316,0.00070962716425625,0.0272827445358056,0,0.000104816713507345,0.0306682517927883,0,0.122,11,13,"Both","M3",0.00191132669057392,"ENSG00000279267","ENSG00000279928","chr2_113612194_C_T_b38","AdiposeSubcutaneous",0.0592219663449547,310,251,20,0.746
718,0,0,19,9.6484,0.456975401557052,-0.130786823525112,0.000342272272228535,-0.0273869053846941,0.00856296231027813,-0.100527098083803,0.002,0.000625660437353878,-0.123357985409124,0,0.484,13,4,"Both","M3",0.000545641574454914,"ENSG00000090382","ENSG00000137076","chr12_69338325_T_C_b38","AdiposeSubcutaneous",0.558565670998673,190,257,134,0.934
1051,1,0.2953,24,11.6842,4.57538665056396e-45,0.126381750246291,4.35108959754031e-21,0.149281796097279,1.75077691926075e-18,0.115929255459667,0,7.3619539528557e-22,0.129087636864055,0,0,27,9,"Both","M3",0,"ENSG00000167526","ENSG00000215030","chr16_89561052_T_G_b38","AdiposeSubcutaneous",1.78154264377447e-47,357,193,31,0
1065,0,0,23,12.4008,0.114084027081835,-0.0184282841462962,0.0056140396963479,-0.0103496127587939,0.0874468299455982,-0.0117261977437312,0.056,1.88075194423844e-05,-0.0284593341764808,0,0.062,20,11,"Both","M3",0.00275351345061758,"ENSG00000280152","ENSG00000260644","chr16_75251266_A_C_b38","AdiposeSubcutaneous",0.472748161452045,27,158,396,0.056
1196,0,0,22,12.3487,3.93255506043022e-05,-2.67126043120926,0.000358482261134869,-3.14217765770226,2.25898566078613e-06,-3.51616220227686,0,0.00555342851618093,-2.10767660364084,0.002,0,14,5,"Both","M3",0.000282575572315924,"ENSG00000146243","ENSG00000091640","chr6_78945760_G_A_b38","AdiposeSubcutaneous",0.000103744174904465,172,304,105,0
1262,0,0,12,7.5871,0.0171067317268148,2.08890784842721,0.00164693093056474,1.49276258213916,0.00676967752265416,1.73155479417049,0,0.43005621517814,0.534579390549535,0.356,0.014,13,19,"Both","M3",0.00130531636812803,"ENSG00000277782","ENSG00000099622","chr15_80993534_C_T_b38","AdiposeSubcutaneous",4.28559129784323e-06,375,178,28,0.098
1303,1,0.7281,14,9.1828,0.00127668359835665,-3.05976608112326,0.000321516586696074,-2.27470301626669,0.000746747513221342,-2.86810284875555,0,0.00398768751963297,-2.50384844849986,0,0,17,14,"Both","M3",0.000354654559585832,"ENSG00000164068","ENSG00000197582","chr3_49706959_A_G_b38","AdiposeSubcutaneous",0.0105053703837666,139,283,159,0
1421,2,2.1332,20,11.7541,7.25606732020367e-05,0.00201474496936056,0.00283210497086751,0.00244059225870821,0.0394579983782252,0.00144582861945075,0.02,0.00236886566452741,0.00205770672122009,0,0,23,10,"Both","M3",0.00251311108827457,"ENSG00000063046","ENSG00000229939","chr12_52997717_G_A_b38","AdiposeSubcutaneous",1.42129900448052e-05,65,149,367,0
1491,3,2.1695,17,11.2494,0.000486639960288076,0.00206704018728105,2.34020495467152e-06,0.00121318378408542,3.78169098258523e-05,0.00177983612262206,0,8.54944255455674e-09,0.0025524201432371,0,0.02,17,14,"Both","M3",3.72783320878867e-07,"ENSG00000135124","ENSG00000264069","chr12_121210329_G_T_b38","AdiposeSubcutaneous",0.0172386930046652,507,67,7,0
1526,1,0.2953,32,15.0536,0.0236393579220743,0.729897924024464,0.00417593107738193,0.475983597292013,2.20386860857957e-05,1.05727785329129,0,0.0896647701285632,0.428337113274896,0.022,0.02,28,14,"Both","M3",0.00334432386686423,"ENSG00000124614","ENSG00000225972","chr6_34405027_A_G_b38","AdiposeSubcutaneous",0.125946317714614,451,107,23,0.038
1540,2,1.7146,25,14.6685,0.102857457700374,-0.147791171559328,0.00179677503862017,-0.0837432919987487,0.000597693428797088,-0.166408830292592,0,0.000406451052731295,-0.170002746806588,0,0.104,10,16,"Both","M3",0.00297085246026363,"ENSG00000138399","ENSG00000133107","chr2_169573878_G_C_b38","AdiposeSubcutaneous",0.17550393771428,426,141,14,0.222
1556,1,0.7496,24,12.9926,0.170574122030834,-0.0119835386388411,0.0044422527885162,-0.00507744898336813,0.00418053382118441,-0.0117435226373493,0,0.0256240449021525,-0.00939454558333931,0.014,0.076,20,5,"Both","M3",0.00276564708873006,"ENSG00000115561","ENSG00000188086","chr2_86563402_AG_A_b38","AdiposeSubcutaneous",0.0418888329078667,417,152,12,0.312
1635,2,1.4966,26,14.6516,0.0128792075907612,0.00380639918736544,0.00106034084148916,0.00264754339109665,0.0251366879093077,0.00244143178944548,0.002,0.00215455888508136,0.00351173915000496,0,0.004,19,4,"Both","M3",0.00116649672804758,"ENSG00000167216","ENSG00000237458","chr18_46939257_C_T_b38","AdiposeSubcutaneous",0.00274069820490249,483,94,4,0.03
1777,1,0.7281,17,9.971,0.0228273589904107,-2.70144050156939,0.00177498950427648,-2.04255588915281,6.31577278993548e-05,-3.59744647780947,0,0.0107982540776369,-2.19092666505297,0.004,0.026,14,15,"Both","M3",0.00190645170666981,"ENSG00000277561","ENSG00000206149","chr15_22612585_G_A_b38","AdiposeSubcutaneous",0.0658989586801993,510,71,NA,0
1823,0,0,13,8.2657,0.011239133035042,-0.00157442687401493,7.07822889016939e-05,-0.000948699626056209,8.30495832142549e-06,-0.0017831948506566,0,4.16015786346182e-06,-0.00184336630319571,0,0.024,16,5,"Both","M3",0.00013570496123716,"ENSG00000267296","ENSG00000258167","chr19_33306352_G_A_b38","AdiposeSubcutaneous",0.0536394144233351,491,87,3,0.008
1931,0,0,16,9.8975,0.00976779295865772,-0.0212267337636858,0.000298970445415087,-0.0153682711477218,0.0702415539123561,-0.0105792178512402,0.076,3.02457175944499e-06,-0.0278273852241566,0,0.004,16,18,"Both","M3",0.000385722269174771,"ENSG00000241764","ENSG00000232184","chr7_107755787_A_G_b38","AdiposeSubcutaneous",0.2562728862686,327,204,50,0.016
2111,1,0.6826,16,9.8105,0.000342013250704523,0.243097192172963,0.00249798191518864,0.295594371272254,0.000927667469854162,0.270769048705697,0,1.04035506736197e-05,0.35729040563352,0,0,13,9,"Both","M3",0.00255820870873391,"ENSG00000231551","ENSG00000264343","chr1_148417463_G_A_b38","AdiposeSubcutaneous",0.00440018055484137,179,287,115,0
2178,2,1.458,25,14.1236,0.722293115240273,-0.383969848524078,6.51632712837786e-06,-0.0222653729828969,1.62852081998256e-05,-0.350228188999929,0,9.79891174403795e-05,-0.327652149443828,0,0.69,23,3,"Both","M3",9.53659966418385e-06,"ENSG00000196743","ENSG00000079337","chr5_151239432_C_T_b38","AdiposeSubcutaneous",0.144269052636032,411,163,7,0.52
2211,2,1.5243,20,11.7825,0.00885092374101563,0.0110248491346365,0.000408361276107153,0.00716215497082431,0.00737527059519302,0.00803289284464463,0,2.78089462094063e-06,0.0147273376903987,0,0.008,18,1,"Both","M3",0.00188321037103845,"ENSG00000142686","ENSG00000270388","chr1_35719096_G_A_b38","AdiposeSubcutaneous",0.00133512916559767,454,118,9,0
2301,1,1.0906,15,9.8753,0.00329427530518241,-0.0306803906576329,0.000521322644244305,-0.0270181585621773,2.74958668804316e-07,-0.045793839108406,0,0.000726489713948916,-0.0295480057074399,0,0.006,13,11,"Both","M3",0.000496092385112723,"ENSG00000108465","ENSG00000120071","chr17_47994862_C_T_b38","AdiposeSubcutaneous",0.0238122434905793,340,197,44,0.002
2557,1,0.5296,27,14.6423,0.00946556442618381,0.0476634701021424,0.00199266364469371,0.0374486319638731,0.0235244535720329,0.0360036482802286,0.004,0.000896518457573499,0.0507777141680828,0,0.012,20,2,"Both","M3",0.00203920596812002,"ENSG00000059691","ENSG00000259479","chr4_151806700_T_C_b38","AdiposeSubcutaneous",0.00270241165071644,120,247,214,0.06
2829,3,2.6311,15,9.633,0.000428444829290004,0.00365755006154657,0.000775705939509433,0.00328340053806609,0.000262169975023614,0.00391224497764005,0,0.000120289654639661,0.00416367109943272,0,0,18,13,"Both","M3",0.000805256790881392,"ENSG00000102699","ENSG00000237917","chr13_24499647_C_T_b38","AdiposeSubcutaneous",0.000405370074225523,197,283,101,0
2901,2,1.2683,28,16.3738,0.00284209288819643,0.102408473953815,0.000567777329223911,0.0809664707691107,0.00360972778744426,0.0864168732726183,0,0.00348945641146302,0.0855055819486953,0,0.002,25,4,"Both","M3",0.000896585369606795,"ENSG00000116977","ENSG00000232177","chr1_236536054_G_A_b38","AdiposeSubcutaneous",0.000747213844585558,528,48,5,0
3236,0,0,20,13.0058,0.275451871545856,0.0653771681342473,0.00776147190186204,0.0273220359862047,0.000233009371874306,0.0935652676453318,0,0.947595346116408,-0.0016071433962031,0.954,0.16,15,3,"Both","M3",0.00265081245759635,"ENSG00000153132","ENSG00000259847","chr4_140490976_C_T_b38","AdiposeSubcutaneous",0.337777721785506,357,191,33,0.38
3492,0,0,17,8.6892,0.883727943395391,-0.0577024479763903,0.00532654060051002,0.00286457093141771,0.000805214807184759,-0.0712677797395735,0,0.97788759900116,0.000566492711322105,0.976,0.804,14,3,"Both","M3",3.35157727726632e-06,"ENSG00000134207","ENSG00000274994","chr1_114196000_C_T_b38","AdiposeSubcutaneous",0.849039083002977,259,266,56,0.03
3636,2,1.786,14,10.1037,0.000712517794469921,0.00225536918698821,0.00018161818538256,0.00188747550302536,0.000141096733323059,0.00231127551597819,0,5.41710510858834e-08,0.00334787317620497,0,0.006,14,14,"Both","M3",3.31017331145489e-06,"ENSG00000230928","ENSG00000232715","chr10_98153041_G_A_b38","AdiposeSubcutaneous",8.73043748763737e-06,399,157,25,0
3639,2,2.1332,22,13.9099,0.105477918160972,0.0484803321761053,0.00204361489931764,0.0257854303037571,0.0312825441203629,0.0325005102319765,0.008,3.277600456514e-05,0.0670883211740028,0,0.078,15,19,"Both","M3",0.00180620165078027,"ENSG00000112992","ENSG00000136274","chr5_43637131_G_A_b38","AdiposeSubcutaneous",0.0220274242823268,452,120,9,0.01
3645,1,0.5045,20,9.5031,0.376850637349554,-1217.97962214161,0.000540323903244799,-298.833516393215,4.44963541364009e-05,-1441.31190245711,0,0.000157015835898712,-1329.13219157083,0,0.426,18,11,"Both","M3",0.00219724272104171,"ENSG00000228549","ENSG00000225972","chr1_16674372_A_T_b38","AdiposeSubcutaneous",0.069204749454953,565,16,NA,0.528
3654,1,0.6684,30,16.7664,0.441355161695592,-0.186855711001956,0.00104470960957558,-0.0407253572633728,1.60832219435032e-05,-0.241519006429461,0,1.19626219133281e-05,-0.249610581190835,0,0.406,17,1,"Both","M3",0.0010617078446451,"ENSG00000100258","ENSG00000133026","chr22_50497895_T_C_b38","AdiposeSubcutaneous",0.596220002749404,106,295,180,0.614
3820,0,0,21,11.6167,0.300405631388999,69.6716249979375,0.00118546257395503,20.7355161457488,0.00240302729315125,66.4291092626498,0,0.000262143880286444,77.5516587183496,0,0.236,17,13,"Both","M3",0.000760270865038049,"ENSG00000248576","ENSG00000225972","chr12_54128126_T_C_b38","AdiposeSubcutaneous",0.556477203548606,331,205,45,0.004
3868,2,1.7252,15,9.9786,0.000560879039858818,0.00181694225323536,0.00114397484779048,0.00201754630109713,0.00200536284835191,0.00180773139205201,0.002,0.000102246283728893,0.00217780660395219,0,0,10,7,"Both","M3",0.000896910203650902,"ENSG00000134333","ENSG00000214110","chr11_18383963_G_T_b38","AdiposeSubcutaneous",0.000225287829965332,25,178,378,0
3942,6,5.5324,16,11.0783,5.62382213097475e-05,0.0966828894443844,0.00025690956621075,0.101051100309887,0.00527896186319708,0.0717157473760282,0,0.00110621878772706,0.0858537631493022,0,0,16,15,"Both","M3",0.000225091581471881,"ENSG00000276170","ENSG00000175772","chr17_38452433_T_C_b38","AdiposeSubcutaneous",4.85657938071404e-06,19,165,397,0
4070,2,1.5959,19,11.8695,0.00755898755100648,0.023850417484758,0.0015728757834443,0.0194706932152049,0.00225686051355426,0.0235582706151986,0,0.00340691646963247,0.0217989665337361,0.002,0.004,17,4,"Both","M3",0.000639790669740847,"ENSG00000242338","ENSG00000270388","chr10_73711992_T_C_b38","AdiposeSubcutaneous",0.348461176859071,103,276,202,0.042
4165,2,1.8766,21,12.4786,0.00363672958435416,-0.145618163376241,0.00177722970580657,-0.139626928874379,0.00537835380859482,-0.126371482764877,0.008,0.000163730405526741,-0.174717839850646,0,0.004,15,8,"Both","M3",0.00172544305987588,"ENSG00000245025","ENSG00000166557","chr8_23019226_C_T_b38","AdiposeSubcutaneous",0.00510151174477155,159,276,146,0.004
4286,1,1.2459,22,13.5057,0.0641205351247056,0.526540372547693,0.00318596984479995,0.325554261355689,8.33811027752096e-07,0.863811245591797,0,0.0198641774251361,0.40851459303541,0.012,0.054,17,4,"Both","M3",0.00250255438042046,"ENSG00000243384","ENSG00000185290","chr3_58574316_G_T_b38","AdiposeSubcutaneous",0.00235783003726976,125,255,201,0.042
4447,5,4.5984,27,16.2338,0.000228879124719011,-0.301710986315368,0.00175223205101703,-0.348242381797437,0.0117733786783839,-0.235121550037565,0,0.000421615670596383,-0.344886923860829,0,0,21,7,"Both","M3",0.000763073937073866,"ENSG00000167723","ENSG00000196312","chr17_3530249_A_G_b38","AdiposeSubcutaneous",0.00566309980143839,401,157,23,0
5014,1,0.7685,23,12.4684,0.460753242928925,-0.00817270946090009,0.00323745728149196,0.00182666879952336,0.00381343967460301,-0.00836155157060862,0,0.0192626100847284,-0.00646050426744429,0.002,0.344,21,4,"Both","M3",0.000739343618795019,"ENSG00000108852","ENSG00000273760","chr17_43907149_A_C_b38","AdiposeSubcutaneous",0.0908606570452732,18,161,402,0.274
5090,1,1.0906,19,10.9693,0.00779016713231888,-0.618793430702513,0.00181499100594104,-0.532749545408849,0.000649657468187624,-0.669373177668119,0,0.00536062672072215,-0.549060662286016,0,0.002,16,13,"Both","M3",0.0017723933705136,"ENSG00000145687","ENSG00000134202","chr5_81417277_T_G_b38","AdiposeSubcutaneous",0.000229660519738889,256,253,72,0
6007,0,0,15,10.0876,0.00199225920457185,0.00265235694195123,0.00111759431590498,0.00231159241499018,8.37136413391753e-09,0.00463707328123582,0,0.000631251683609184,0.00281363309302376,0,0,17,2,"Both","M3",0.000246251774363548,"ENSG00000134461","ENSG00000249439","chr10_5926571_T_C_b38","AdiposeSubcutaneous",1.68254840334767e-05,564,17,NA,0.068
6224,2,1.4457,37,20.0425,0.000291014115393602,-0.333191802809252,0.00175585011711679,-0.397897539066207,0.0265204560929713,-0.230182280682043,0.002,0.00720741560301518,-0.291644905329458,0.002,0,21,16,"Both","M3",0.00220986774688314,"ENSG00000145740","ENSG00000146425","chr5_69109699_C_G_b38","AdiposeSubcutaneous",4.83983240468756e-06,209,256,116,0
6339,0,0,25,15.0581,0.00103935220325203,-1.88625475026367,0.000172646214201562,-1.64438054552139,7.86238302122099e-05,-1.91862293071418,0,4.33916685365818e-05,-2.02365480814795,0,0.002,20,4,"Both","M3",0.000194001998913951,"ENSG00000205809","ENSG00000136098","chr12_10428915_C_T_b38","AdiposeSubcutaneous",0.00011697161868194,383,170,28,0.068
6992,0,0,23,12.2092,0.106032424557955,0.0661004706293088,0.00365209294106606,0.0403319283051083,3.89808597821408e-05,0.0920954127525019,0,0.00597901329208805,0.0627767715924437,0.004,0.11,14,7,"Both","M3",0.00348318901093858,"ENSG00000270062","ENSG00000259479","chr14_50725941_G_A_b38","AdiposeSubcutaneous",0.414698784341532,281,244,56,0.064
7108,0,0,16,10.0728,0.0490329440289238,0.0266933147383281,4.01858839754217e-05,0.0115193593173856,9.3021427479441e-06,0.0306597985326028,0,0.000387034652836247,0.0230389388319971,0,0.052,16,9,"Both","M3",5.40345235950923e-05,"ENSG00000029639","ENSG00000224426","chr6_155314673_CCG_C_b38","AdiposeSubcutaneous",0.000414555299690388,83,275,223,0.214
7233,0,0,22,13.0077,0.00617987869403999,0.0101549301485789,0.0024605085824398,0.0084610233656808,0.000651213080597685,0.0109530306163054,0,0.00142554079246034,0.0107201031324465,0.002,0.01,22,8,"Both","M3",0.00101277753580731,"ENSG00000125910","ENSG00000270388","chr19_3169707_T_C_b38","AdiposeSubcutaneous",0.00383945184754701,547,33,1,0.024
9301,0,0,18,11.1932,0.0394612164632265,-0.133122816986811,0.00102817044041117,-0.0853004967007444,0.0184091641335075,-0.0936874918403905,0.012,7.29254255379124e-06,-0.183149529526617,0,0.048,15,18,"Both","M3",0.000987951741749038,"ENSG00000266053","ENSG00000267809","chr18_9214138_A_G_b38","AdiposeSubcutaneous",0.370237665069708,20,182,379,0.004
9934,2,2.0269,29,16.6908,0.0145740254010783,0.209193027765916,0.000353898537409288,0.149498511887256,0.0055902137072286,0.173584344711601,0,1.89573086004507e-05,0.248906479865363,0,0.01,18,11,"Both","M3",0.000341693226701523,"ENSG00000167291","ENSG00000167202","chr17_79383564_C_A_b38","AdiposeSubcutaneous",0.121291784922964,287,246,48,0.192
10107,4,3.589,24,15.2376,0.000215028753204549,0.0896886192860015,0.000531723384591436,0.0928279501723796,0.115911733698633,0.0397476737143512,0.012,0.00805077788280076,0.0662417642986568,0,0,16,2,"Both","M3",0.000475240483723827,"ENSG00000205765","ENSG00000232593","chr5_41881124_C_A_b38","AdiposeSubcutaneous",0.00383471906650899,179,265,137,0.002
10905,0,0,22,11.1247,0.113489336773519,0.0367796466741767,0.0015791208359826,0.0154829832489037,0.0233806425281616,0.0262447745203669,0.006,0.000570792818303666,0.0411134878521905,0,0.102,21,19,"Both","M3",0.00045471139661335,"ENSG00000259935","ENSG00000270388","chr15_52656429_C_G_b38","AdiposeSubcutaneous",0.235657561774298,410,148,23,0.214
333,0,0,20,9.9582,0.439209480788995,77.0912419414139,0.00821674876208583,22.4796630668649,5.98025964223286e-05,109.599187945217,0,0.0944674759851755,49.0982149072448,0.062,0.334,17,9,"Cis.Med","M3",0.00291962384761901,"ENSG00000274512","ENSG00000225972","chr17_38261195_A_G_b38","AdiposeSubcutaneous",0.345398320271346,44,166,371,0.118
870,2,1.0094,15,9.0318,0.0865973045686039,-0.00122915098316329,0.00880927275544996,-0.000599087028731525,2.46755129030312e-05,-0.00196728599377296,0,0.28964903473135,-0.000492473441085865,0.076,0.008,17,11,"Cis.Med","M3",0.000985878937893814,"ENSG00000162482","ENSG00000276221","chr1_19303649_G_A_b38","AdiposeSubcutaneous",0.000171727926523608,568,12,1,0.642
1134,3,2.414,22,14.9794,0.0408106323593924,2.77529136176581,0.00444132806410451,2.22361343555569,4.95424292525867e-07,4.66226315516163,0,0.00314639859499516,2.87666051499013,0.004,0.054,9,11,"Cis.Med","M3",0.00292014930417239,"ENSG00000256576","ENSG00000182511","chr12_132189720_T_C_b38","AdiposeSubcutaneous",0.669584615837705,96,262,223,0.01
1178,0,0,27,15.899,3.24565814954442e-05,-0.0389095109214305,0.00285774598601342,-0.0440288139205694,0.188089623109657,-0.016826846044785,0.082,0.0169369982104113,-0.0312703961900193,0.002,0,25,17,"Cis.Med","M3",0.00280605060836958,"ENSG00000259865","ENSG00000270405","chr1_247203133_C_A_b38","AdiposeSubcutaneous",0.0033674948204016,276,241,64,0.004
1229,4,3.3022,10,7.1472,0.168841961824059,0.000414192065670274,0.12998220710536,0.000340998888805994,0.175548348698733,0.000387108636317389,0.104,0.234309387969511,-0.00032517432032676,0.116,0,13,18,"Cis.Med","M3",3.09241246609915e-07,"ENSG00000051009","ENSG00000265372","chr11_6215311_A_G_b38","AdiposeSubcutaneous",0.0353634511084111,526,54,1,0.736
1258,2,1.437,21,11.4971,0.00213702479395361,-0.00372581890197506,0.000444021089440504,-0.00299778300507524,9.87686999724985e-05,-0.00410766964674739,0,0.000311834927847701,-0.00386046770950522,0,0.002,18,12,"Cis.Med","M3",0.00155132246032341,"ENSG00000004897","ENSG00000113492","chr17_47121548_T_C_b38","AdiposeSubcutaneous",0.0212020493073941,553,28,NA,0.754
1656,1,1.0906,12,7.7895,0.930582755191925,-9.78848340150033e-05,0.399445444395813,-8.70065018122173e-06,0.804951720194249,-2.93959212612052e-05,0.872,0.79761550160907,2.96567680775742e-05,0.786,0.002,14,7,"Cis.Med","M3",3.12308396090977e-05,"ENSG00000175287","ENSG00000251891","chr9_128922361_G_A_b38","AdiposeSubcutaneous",0.785611390410357,562,17,2,0.392
1776,3,2.1002,26,14.3992,0.0295098368878888,0.00109646947952784,0.00142134525651352,0.000732571095819508,1.32922102472261e-05,0.0014911132688499,0,0.00239929273871611,0.0010457867787999,0.004,0.054,17,10,"Cis.Med","M3",0.00115091246444554,"ENSG00000146938","ENSG00000254660","chrX_6200460_G_C_b38","AdiposeSubcutaneous",0.214805974634205,522,36,23,0.002
1944,0,0,11,5.4106,0.892771967135189,0.00384480256021992,0.373638233946563,0.000548673057835203,0.0632823393739629,0.00781768657273681,0.04,0.873976902923381,0.000688781128554439,0.872,0.27,13,13,"Cis.Med","M3",0.00154601610526495,"ENSG00000197816","ENSG00000271798","chr9_97238449_A_G_b38","AdiposeSubcutaneous",0.733275749096806,565,15,1,0.086
2032,2,1.61,24,13.2394,0.52848000966027,-0.00801119935062544,0.000168780464945814,-0.00122994526717428,5.35346101402998e-08,-0.0116723578099473,0,9.38910377547941e-06,-0.00958544620825418,0,0.542,18,12,"Cis.Med","M3",0.00059920419829429,"ENSG00000186501","ENSG00000212493","chr1_27335461_C_T_b38","AdiposeSubcutaneous",0.73705051403082,561,20,NA,0.194
2148,1,1.0906,10,6.3024,0.285544963045521,-3.13100829116997e-05,0.769449545672322,0.000107856085918102,0.292112925348162,-0.000113654691365272,0.266,0.127730125742825,0.00016575712889166,0.116,0.538,12,12,"Cis.Med","M3",4.9942076922882e-06,"ENSG00000182109","ENSG00000277899","chr1_39554348_C_A_b38","AdiposeSubcutaneous",0.214167209892809,533,47,1,0.74
2169,2,1.8111,13,7.9529,0.581271281484225,0.000165625561286881,0.279117880471206,7.74501281525081e-05,0.800179893631657,-3.68940812924764e-05,0.756,0.489829434336983,0.000108071637049109,0.404,0.004,15,19,"Cis.Med","M3",0.000658519370954735,"ENSG00000204152","ENSG00000231523","chr10_50009802_G_A_b38","AdiposeSubcutaneous",0.540862196917045,511,69,1,0.006
2226,1,0.8604,12,6.7813,0.126866767607374,-0.00790797363804015,0.00604875686641382,-0.00428745420481966,0.00631450808484198,-0.0076393148930954,0,1.8254258412349e-05,-0.0126219257977408,0,0.02,12,14,"Cis.Med","M3",0.000108681313834458,"ENSG00000272505","ENSG00000233138","chr8_10524275_G_A_b38","AdiposeSubcutaneous",0.876996161633827,486,90,5,0.008
2299,2,2.1332,16,9.3444,0.831797460442358,-0.000100738666690093,0.274495875758074,-1.56259181955889e-05,0.897994320561242,-1.15262812656362e-05,0.948,0.499052293485628,-6.33603412858359e-05,0.414,0.032,19,16,"Cis.Med","M3",2.22862150955905e-09,"ENSG00000146409","ENSG00000275414","chr6_132765074_T_C_b38","AdiposeSubcutaneous",0.658049024540134,519,61,1,0.008
2394,1,0.5756,17,10.022,0.568627608584111,-3.58118973527194e-05,0.835293662762725,7.76305284953695e-05,0.86243929653912,-3.08363416219778e-05,0.858,0.525620717532407,-0.000110711831460434,0.408,0.536,20,9,"Cis.Med","M3",8.46852870595161e-05,"ENSG00000005075","ENSG00000199698","chr7_102478892_G_T_b38","AdiposeSubcutaneous",0.368643249986354,564,16,1,0.998
3040,2,1.2433,12,7.3799,0.876632187065661,0.0010576872728255,0.202715752375529,0.000111733329147183,0.352302240223717,0.000755230102016023,0.244,0.248813782590896,-0.000936844405980468,0.158,0.606,14,8,"Cis.Med","M3",0.000817350028961217,"ENSG00000213906","ENSG00000200132","chr14_24308741_G_A_b38","AdiposeSubcutaneous",0.68701281874217,554,26,1,0.104
3741,2,1.1149,18,9.4221,0.255779003649546,0.00525428049627984,0.000594411973391359,0.00152114528241468,1.78468613223005e-05,0.00630070724042462,0,0.103030224595167,0.00247785895509928,0.034,0.122,18,19,"Cis.Med","M3",1.23091228094729e-05,"ENSG00000100036","ENSG00000273082","chr22_30641218_C_T_b38","AdiposeSubcutaneous",0.0881752066291183,505,74,2,0.562
4446,2,1.3003,13,6.3247,0.136477261094882,-0.000720567629325976,0.433295346870157,-0.00125531425002437,0.730236219849759,-0.000316017550304752,0.724,0.905772319300325,0.00010906878885958,0.792,0.092,13,8,"Cis.Med","M3",0.00343233426834133,"ENSG00000102057","ENSG00000266287","chrX_49142313_T_C_b38","AdiposeSubcutaneous",0.0360650076277626,573,7,1,0.668
4488,0,0,12,7.9453,0.268452616257041,9.19340099017122e-06,0.976101523500195,0.00029260257144918,0.693660435359842,-0.000119589707096972,0.678,0.673712989178422,-0.000128710185679593,0.614,0.56,15,1,"Cis.Med","M3",0.000121987528130862,"ENSG00000115020","ENSG00000249843","chr2_208263867_G_T_b38","AdiposeSubcutaneous",0.0237207477150327,1,32,548,0.55
4943,4,2.9255,16,9.9705,0.2185373617561,-0.00121698878124402,0.0208730985526217,-0.000553504811144628,0.00409096385816657,-0.00149786881300228,0,0.00119205130094065,-0.00174679046154988,0,0.01,18,17,"Cis.Med","M3",0.00122344301138066,"ENSG00000087302","ENSG00000278598","chr14_52003510_G_C_b38","AdiposeSubcutaneous",0.717396537172623,436,139,6,0.29
5050,3,2.2993,16,9.165,0.0166647084388096,-0.00110460659001949,0.000738809975705731,-0.000759252690343337,0.00016150997540583,-0.00121810305460454,0,0.000703940939084462,-0.00111309345860867,0,0,14,6,"Cis.Med","M3",0.000221009209932621,"ENSG00000162694","ENSG00000229594","chr1_100996676_G_A_b38","AdiposeSubcutaneous",0.250952909875483,496,82,3,0.118
5166,3,2.5546,14,8.8493,0.174931397931503,0.00140351705118996,0.103648021288008,0.00100343735880524,0.144762229859525,0.0013007032943503,0.05,0.000136112356831273,0.00335476616615863,0,0,16,19,"Cis.Med","M3",0.002602602950875,"ENSG00000054967","ENSG00000238316","chr11_73395363_C_T_b38","AdiposeSubcutaneous",0.410311790015337,440,128,13,0.264
5194,3,2.2748,15,9.4491,0.641788045024534,-0.000120275873457727,0.582784593766145,8.90073333458688e-05,0.402393762094446,-0.000186600506086205,0.318,0.991919383690976,2.22628716212234e-06,0.998,0.002,16,10,"Cis.Med","M3",1.14702045683757e-06,"ENSG00000213551","ENSG00000278528","chr10_73040475_A_AAT_b38","AdiposeSubcutaneous",0.85018504933112,557,23,1,0.646
5782,3,2.2889,16,10.2756,0.333901937715371,-2.36652162882485e-05,0.0460612089315957,-9.83416085089128e-06,0.0902692531250266,-2.07713805699412e-05,0.016,0.00365123774661136,-3.43017788179912e-05,0,0.06,18,3,"Cis.Med","M3",0.00215670389987199,"ENSG00000181061","ENSG00000273978","chr3_42756751_G_A_b38","AdiposeSubcutaneous",0.410043588065431,562,17,2,0.882
5956,2,1.0099,13,8.0413,0.964366848323805,0.000732393886050769,0.523039353931298,-4.44204697358201e-05,0.0622814431179462,0.00211840540092113,0.016,0.0843477189801252,-0.0019741619939759,0.032,0.016,14,10,"Cis.Med","M3",0.00122761778185176,"ENSG00000125863","ENSG00000251937","chr20_10473426_T_G_b38","AdiposeSubcutaneous",0.292614789405068,1,42,538,0
5981,1,1.0426,13,8.7151,0.117964826425623,0.00168177199205399,0.00632014975903161,0.000838985347388769,0.0734047924072904,0.00113656160255097,0.05,0.00818128922102874,0.00161209691868459,0.004,0.478,16,3,"Cis.Med","M3",2.25915020024559e-08,"ENSG00000258634","ENSG00000199698","chr1_110055734_A_G_b38","AdiposeSubcutaneous",0.079119908071851,562,18,1,0.86
6047,1,1.0906,11,6.3136,0.468535788955528,1.56997416434121e-05,0.838921990447646,-5.02284376909261e-05,0.337387034709611,7.3515660624999e-05,0.214,0.363778387777199,-7.05059583781171e-05,0.242,0.03,13,7,"Cis.Med","M3",3.04419541419243e-06,"ENSG00000273314","ENSG00000236371","chr7_148698298_G_A_b38","AdiposeSubcutaneous",0.0979766318500991,563,17,1,0.206
6479,1,0.4949,16,10.0965,0.0785572959916902,-0.000573121251381176,0.0256148801181414,-0.000367857542543821,0.0135179427297304,-0.000640132751816549,0.002,2.28096770000406e-05,-0.00111548409357395,0,0.008,18,19,"Cis.Med","M3",0.00176636543366815,"ENSG00000233237","ENSG00000260480","chr6_71416502_C_T_b38","AdiposeSubcutaneous",0.0310827675727442,569,12,NA,0.012
7120,3,2.5227,15,10.6904,0.295194155233836,-0.00156148414292465,0.0563095498780225,-0.000726243309889565,1.05763890949807e-05,-0.00362737226588706,0,0.0214325097701478,-0.0018526389548903,0.004,0.836,18,4,"Cis.Med","M3",0.00147143739623412,"ENSG00000283050","ENSG00000249843","chr4_119601682_C_T_b38","AdiposeSubcutaneous",0.129192520061153,565,15,1,0.334
7658,0,0,17,8.6678,0.402230911267408,0.92879760954574,0.0059627239440152,0.300906820111968,0.0017392323708216,1.07006784807655,0.002,0.397293121659546,0.28696513153766,0.386,0.34,12,12,"Cis.Med","M3",0.00216364401897051,"ENSG00000235267","ENSG00000232177","chr2_27489026_A_G_b38","AdiposeSubcutaneous",0.749465549511287,161,261,159,0.154
8370,1,1.0906,13,7.5986,0.918168742102911,-0.000508505098622604,0.183188152192048,-3.39370168193718e-05,0.38007412798032,0.000350241602330997,0.328,0.813258271532432,-8.90486586435036e-05,0.768,0.438,15,4,"Cis.Med","M3",2.9130572229974e-06,"ENSG00000254366","ENSG00000278349","chr8_77438879_A_G_b38","AdiposeSubcutaneous",0.967561526794958,542,38,1,0.698
8405,4,2.5418,10,6.5392,0.390177672864538,0.000166831694725409,0.427142893194475,0.000159365785666976,0.052408569754945,0.000424258296230792,0.006,0.292942893017172,0.000218621679184334,0.106,0,13,13,"Cis.Med","M3",0.000360053151882145,"ENSG00000119915","ENSG00000201491","chr10_102226130_G_T_b38","AdiposeSubcutaneous",0.372644335760722,532,48,1,0.358
8554,1,1.0426,30,16.4023,0.00192979927999616,0.0512247476573313,0.00291543220978314,0.0512992009446992,4.75867254905168e-05,0.0677701317022925,0,0.000360427578295241,0.0625517731273766,0,0,21,19,"Cis.Med","M3",0.00308968425600931,"ENSG00000174165","ENSG00000259479","chr11_66537640_C_G_b38","AdiposeSubcutaneous",0.000335133736683727,217,276,88,0
10120,0,0,29,15.0729,0.486670998569472,-0.0168480273407543,0.00321568850805991,-0.00355885631727655,0.420904797572968,-0.00459732071815262,0.304,0.00425027650978136,-0.0162248599240488,0,0.52,24,15,"Cis.Med","M3",0.00279910871453293,"ENSG00000266967","ENSG00000259479","chr17_42959658_A_G_b38","AdiposeSubcutaneous",0.809056626998389,559,22,NA,0.738
10195,0,0,16,7.9029,0.0372829493121928,-0.0181971925190401,0.000274097955497949,-0.0106293862702377,1.55631172296989e-06,-0.0239302408823292,0,2.48275681952592e-06,-0.0235191500868817,0,0.164,12,1,"Cis.Med","M3",0.00100363532335024,"ENSG00000236459","ENSG00000253569","chr3_42843986_T_C_b38","AdiposeSubcutaneous",0.0415115378281801,540,39,2,0.106
10766,0,0,29,16.3836,0.0640087499159035,0.00285222812133298,0.000949686270164385,0.00160065823516748,4.42213985490707e-05,0.00362610563662797,0,0.00937047668403202,0.00225905868113464,0.004,0.046,20,12,"Cis.Med","M3",0.000398086334770786,"ENSG00000267414","ENSG00000242348","chr18_44693596_C_T_b38","AdiposeSubcutaneous",0.221151912866555,503,75,3,0.038
11063,0,0,21,11.1879,0.00561273392280558,-1.17250995768181,0.00283931357006427,-1.14351692288613,6.07868937515296e-05,-1.53033807452726,0,0.0352751581950512,-0.830911038053761,0.022,0.006,16,3,"Cis.Med","M3",0.00264547737461429,"ENSG00000257543","ENSG00000226278","chr12_101893999_T_C_b38","AdiposeSubcutaneous",0.00420580386375174,473,97,11,0.002
510,0,0,15,8.8907,0.470475755691249,2.95841692568809e-07,0.581708560272852,3.31779230161456e-07,0.820683361183858,-1.19516534939709e-07,0.806,0.949320342897893,3.42282861629892e-08,0.992,0,17,1,"Trans.Med","M3",1.53274501979439e-08,"ENSG00000243678","ENSG00000234803","chr17_51149056_G_A_b38","AdiposeSubcutaneous",0.0131144764124288,540,40,1,0.626
2642,1,0.7281,15,6.4463,0.531799439385212,-0.000141512019107004,0.355687293466228,-0.000102261935944816,0.135843513678732,-0.000233060182664842,0.09,0.0862378489078293,-0.000263033555468778,0.06,0.984,13,10,"Trans.Med","M3",0.000331869751357905,"ENSG00000215252","ENSG00000249446","chr15_34378690_G_A_b38","AdiposeSubcutaneous",4.21393591322919e-09,559,21,1,0.008
2982,1,0.5555,18,9.4345,0.808183968842153,1.39597472317154e-05,0.84643437234795,-1.44668318643708e-05,0.0747277627255681,-0.000126081439034713,0.03,0.810809624604237,1.74639469430428e-05,0.774,0.002,19,9,"Trans.Med","M3",0.000277150670565884,"ENSG00000106635","ENSG00000242482","chr7_73593276_T_C_b38","AdiposeSubcutaneous",0.104860427002326,517,63,1,0.474
4021,1,0.8339,17,9.9403,0.274298109069929,9.00053833631907e-05,0.204843916758352,6.62188269409177e-05,0.735313084879424,2.43885930945199e-05,0.66,0.272165166131465,7.69693298476766e-05,0.158,0,18,4,"Trans.Med","M3",4.76407979732585e-09,"ENSG00000168487","ENSG00000207316","chr8_22172552_C_T_b38","AdiposeSubcutaneous",0.0272629354424629,539,41,1,0.628
4605,1,0.8489,14,8.2895,0.36653806772356,-3.544493454375e-05,0.596327358954537,-5.581641009391e-05,0.424661321732518,-5.57526532280983e-05,0.39,0.190080569107791,-8.81894611522961e-05,0.122,0,14,15,"Trans.Med","M3",0.000643227200251228,"ENSG00000100711","ENSG00000223096","chr14_103726687_G_A_b38","AdiposeSubcutaneous",0.000349009686781403,526,54,1,0.314
5734,4,2.8169,17,8.6681,0.451927220238064,-1.34430271785111e-05,0.855338446855573,-5.20707117259974e-05,0.391833773007093,6.26602038774587e-05,0.266,0.129133693739379,-0.000113150846389546,0.05,0.066,15,12,"Trans.Med","M3",0.000709253012743716,"ENSG00000213977","ENSG00000282089","chr17_3666981_T_C_b38","AdiposeSubcutaneous",3.51793736991641e-06,566,13,2,0.976
6890,1,0.5045,12,6.7594,0.0521183289792925,0.022042525384992,0.00440735619263942,0.0152061466752587,0.00137202314245735,0.0242079375736739,0,0.0269343487108269,0.0174723294734201,0.022,0.032,11,19,"Trans.Med","M3",0.00267279457145664,"ENSG00000236114","ENSG00000202389","chr10_43520323_C_T_b38","AdiposeSubcutaneous",5.94040501446116e-05,306,237,38,0.114
9274,2,1.5289,24,14.4545,0.0991256443062752,-0.00921223563650183,0.0141304091528558,-0.00843212051953031,0.0699260893799925,-0.00709314969786599,0.056,0.00390003068725993,-0.0107801022926381,0,0.024,6,15,"Trans.Med","M3",0.000746173512777171,"ENSG00000226709","ENSG00000100341","chr3_192884655_T_C_b38","AdiposeSubcutaneous",8.21826796115075e-49,425,148,8,0
2657,0,0,5,4.0376,0.461219556667928,-1.18434230685203e-06,0.67127541237306,-1.89880386606231e-06,0.983138868116087,6.10845893988573e-08,0.85,0.925520656003996,-2.66561240338033e-07,0.9,0,8,16,"Both","MO",9.07340869105155e-12,"ENSG00000135218","ENSG00000264342","chr7_80671133_T_G_b38","AdiposeSubcutaneous",0.16076688802492,569,11,1,0.428
3577,1,0.2953,23,11.5012,4.43199929970207e-12,0.0245070797089642,8.73570262751159e-07,0.0276845139097873,8.73677685213908e-11,0.0316687368792902,0,4.15588279597247e-05,0.0205121333588472,0,0,25,9,"Both","MO",9.57546143265375e-07,"ENSG00000164587","ENSG00000224114","chr5_150442454_ACTG_A_b38","AdiposeSubcutaneous",9.83637194848184e-18,321,218,42,0
3727,0,0,21,13.2459,2.91916185774685e-08,5.26647547322219,1.42784931985083e-05,5.86921319024224,0.0212187897008461,2.8204463804573,0.008,0.0168549305001466,2.90203827473997,0.004,0,24,12,"Both","MO",9.47610463453152e-06,"ENSG00000280195","ENSG00000233913","chrX_154424042_A_G_b38","AdiposeSubcutaneous",2.72997130901901e-05,461,44,76,0
3784,1,0.6938,25,13.4965,0.0015745432918483,2.32751464610932,0.00177176853667426,2.20598803536541,1.47588807979927e-07,3.69528845355196,0,0.108351075507497,1.21279162869981,0.066,0.002,22,16,"Both","MO",0.00124179062266117,"ENSG00000108828","ENSG00000225972","chr17_42946378_G_C_b38","AdiposeSubcutaneous",0.0077516107065907,84,244,253,0.008
3853,1,0.6684,23,8.3898,0.124124097344705,-1.55085966938425,0.0209901141598982,-1.02100320004675,0.272190220201466,-0.729239375153846,0.21,0.523042967333537,-0.428578143816148,0.43,0.022,18,15,"Both","MO",0.00272407054152723,"ENSG00000138109","ENSG00000148600","chr10_94989863_G_A_b38","AdiposeSubcutaneous",0.231157288161827,500,79,2,0.398
3931,2,1.0587,34,17.299,0.525344644410734,0.256197174944853,0.0025803543145621,-0.0545675942341876,4.23780292324253e-06,0.386470621998444,0,0.00782487389094143,0.224794010840636,0,0.512,21,1,"Both","MO",0.0018036124869405,"ENSG00000121068","ENSG00000245910","chr17_61402219_C_G_b38","AdiposeSubcutaneous",0.76819918449711,35,184,362,0.656
5006,2,1.8766,23,15.403,0.245362591855011,-1.44922942539484,0.000652359113733752,-0.493407318722398,2.6982037608608e-05,-1.86158043642696,0,0.421737063877342,-0.341918141329705,0.282,0.214,15,9,"Both","MO",0.000525510290292353,"ENSG00000151490","ENSG00000141524","chr12_15542699_C_A_b38","AdiposeSubcutaneous",0.0487872424573251,278,233,70,0.048
5316,3,1.9188,29,15.7365,0.000349908776236775,0.0452296684441272,0.00360113414854344,0.0568067650966871,0.00327998578547372,0.0453662558990089,0,5.0931784824452e-05,0.063647493171486,0,0,14,11,"Both","MO",0.00210426106164863,"ENSG00000132819","ENSG00000249138","chr20_57395956_A_C_b38","AdiposeSubcutaneous",0.012362039620954,395,173,13,0.002
5683,4,2.7786,9,6.2575,0.497927553820452,9.755656870518e-05,0.701921483088115,0.000157389709455115,0.714640493096865,9.51909758400939e-05,0.636,0.438467056803972,0.000200268581931064,0.292,0,12,12,"Both","MO",0.000263444590729023,"ENSG00000145715","ENSG00000264330","chr5_86411404_G_A_b38","AdiposeSubcutaneous",0.00683024433408477,560,20,1,0.116
6092,1,0.7496,31,16.0514,0.00209593375821299,0.0828551224337114,0.000380677680822165,0.0616980249704547,0.00196217074766607,0.0709352639561621,0,0.000196066872810303,0.0897679920277432,0,0.004,20,14,"Both","MO",0.00026088291776305,"ENSG00000123562","ENSG00000138071","chrX_103673156_T_C_b38","AdiposeSubcutaneous",0.000126727787860729,141,78,362,0.002
6183,3,2.0299,20,12.8367,0.072878136902293,0.00428808951618179,0.00573518098774433,0.00228631875402075,3.3952257673069e-05,0.00623302649699302,0,0.0231198418315784,0.00356539713080517,0,0.014,21,7,"Both","MO",0.00271625973460177,"ENSG00000157106","ENSG00000259203","chr16_18875584_C_T_b38","AdiposeSubcutaneous",0.0911631720605093,424,151,6,0.726
6306,2,1.9245,28,16.9974,0.34107546076803,-0.931185358719343,0.000595766370523266,-0.224451523293105,0.00229351525272444,-0.848200772415962,0,0.00048328581133578,-0.964907307294869,0,0.226,19,14,"Both","MO",0.000130322121625781,"ENSG00000166503","ENSG00000197442","chr15_83134794_G_A_b38","AdiposeSubcutaneous",0.395230757859409,373,181,27,0.17
6670,1,0.8339,30,15.4678,0.0193768140116538,-0.00204054807312021,0.000190729922146,-0.000969530030686875,0.00225895232412735,-0.00166337615088684,0,0.00200793777317527,-0.00171826713930392,0,0,30,16,"Both","MO",0.000273402189646443,"ENSG00000160161","ENSG00000258807","chr19_19546389_C_T_b38","AdiposeSubcutaneous",0.404858811059314,430,132,19,0
6881,2,0.75,34,16.7275,0.964269716796024,-7.30026817267825e-06,0.00924569145991351,-1.31098422639186e-07,0.000473726679487586,-9.33281647875859e-06,0,0.2426947693197,-3.28276804087601e-06,0.14,0.834,17,7,"Both","MO",0.00157756115546759,"ENSG00000137331","ENSG00000257797","chr6_30796464_T_C_b38","AdiposeSubcutaneous",0.100220425322876,377,187,17,0.638
6918,1,0.9363,24,13.4487,0.0254522674291832,0.205924043467653,3.73451812363068e-05,0.104589077907994,0.000978234426484778,0.164116295914111,0,0.000639796892452091,0.172327847592299,0,0.026,16,7,"Both","MO",3.27026289446142e-05,"ENSG00000183734","ENSG00000259479","chr11_2303580_C_T_b38","AdiposeSubcutaneous",0.000240764075339186,558,19,4,0.332
7206,1,0.2029,17,7.5044,0.545424703513864,-3.54713878051305e-06,0.100849515454993,1.17062730778967e-06,0.0251724047274424,-4.83488878124803e-06,0.004,0.0637347383203762,-4.05879338362299e-06,0.034,0.15,16,12,"Both","MO",3.29022986633731e-09,"ENSG00000100345","ENSG00000255113","chr22_35416011_G_A_b38","AdiposeSubcutaneous",0.949653527126177,564,16,1,0.642
7261,3,2.755,21,14.3509,0.860714247836409,-0.0479073511638569,0.000635537741147661,0.00246725224603972,0.000484927686626127,-0.0482516010782933,0,0.000409478908818289,-0.0495001134745959,0,0.76,13,8,"Both","MO",0.000858760882582521,"ENSG00000119929","ENSG00000188559","chr10_99788711_G_A_b38","AdiposeSubcutaneous",0.567441108439945,113,267,201,0.456
7499,2,1.4408,24,15.5006,0.0124884230172733,-0.329100087793298,0.000166627192530095,-0.157595451340949,0.000126919887649742,-0.343265148617418,0,0.000357735464779587,-0.309523756367868,0,0,23,8,"Both","MO",2.28420531980245e-05,"ENSG00000143199","ENSG00000125813","chr1_168158982_G_A_b38","AdiposeSubcutaneous",0.00351789632844764,385,175,21,0
8080,2,1.979,22,14.4023,0.39049775158792,-0.0382828584697847,0.00111324244094731,-0.0102304130264567,0.00391364500568336,-0.0324440021398544,0,0.0124416954284824,-0.0300451212113153,0.002,0.32,16,19,"Both","MO",0.000983312375150813,"ENSG00000128595","ENSG00000206418","chr7_128742457_T_G_b38","AdiposeSubcutaneous",0.797901509300581,141,279,161,0.292
8499,2,1.418,22,13.6295,0.0302929395963503,-1.42083402457375,0.00130353076224673,-0.772354023048968,6.02022766064307e-08,-2.4312690488546,0,0.0967527616632345,-0.743893524236574,0.028,0.006,20,12,"Both","MO",0.00107191613659552,"ENSG00000079263","ENSG00000232177","chr2_229428196_AT_A_b38","AdiposeSubcutaneous",0.000826337724877559,557,22,2,0.108
8768,1,0.7281,13,7.7359,0.00715255198858963,0.00320262105558044,0.0010098137891904,0.00233765466633811,7.37441852335007e-07,0.00494631167986328,0,0.000598411518795982,0.00339348782186031,0.002,0.006,16,14,"Both","MO",0.000670417445644222,"ENSG00000087995","ENSG00000278884","chr17_61631137_C_T_b38","AdiposeSubcutaneous",0.000299390736871232,549,32,NA,0
8828,2,1.6667,24,13.8716,0.972685147242949,0.0867799102096417,0.00165429299901749,0.000823659087385903,0.0657740010209157,0.0490066820989048,0.028,4.15269198666241e-05,0.114591890702211,0,1,25,5,"Both","MO",0.00145670050408908,"ENSG00000154258","ENSG00000127947","chr17_69027614_A_G_b38","AdiposeSubcutaneous",0.37337660835097,54,231,296,0.968
9086,3,2.3971,27,12.8547,0.0248862891721749,0.00371609561721208,0.00292699050904476,-0.00277630972373953,0.00210864244097919,0.00376845683639498,0,0.0057426999694817,0.00346992478903346,0.002,0,12,17,"Both","MO",0.000907574109651366,"ENSG00000254602","ENSG00000180872","chr11_58473676_G_A_b38","AdiposeSubcutaneous",0.00603638170721268,563,18,NA,0.08
9108,3,2.6456,14,8.6633,0.474260371632633,3.51698060389605e-06,0.641275257111329,4.76480386571642e-06,0.637779177249931,3.49922733556067e-06,0.48,0.207219329956202,-9.38910816747058e-06,0.122,0,17,4,"Both","MO",4.30766533554561e-13,"ENSG00000142507","ENSG00000230788","chr17_4541417_C_T_b38","AdiposeSubcutaneous",0.233616486675639,568,12,1,0.862
9266,1,1.2459,13,9.6884,0.00299303813784456,-0.0100841887270288,0.0041789013242394,-0.00973414276043055,0.000348425684828104,-0.0119266356973279,0,0.00348381927688881,-0.0101311399667511,0,0,13,11,"Both","MO",9.13612074939785e-05,"ENSG00000180287","ENSG00000254580","chr1_242431166_C_T_b38","AdiposeSubcutaneous",0.0077239310622162,546,35,NA,0.042
9368,3,2.8828,22,13.6095,0.00380682110363656,1.57297116202706,0.0015650480417617,1.22261552837154,0.0224995158951424,1.11649541428728,0.002,0.000303556982395883,1.75951736318693,0,0.002,21,2,"Both","MO",0.00136590439998097,"ENSG00000044115","ENSG00000120885","chr5_138936560_T_C_b38","AdiposeSubcutaneous",0.000457602546031621,250,276,55,0.044
9637,0,0,16,10.007,0.148388788938704,4.00002920188263e-06,0.332630889241052,5.25810840397909e-06,0.674738598601362,1.78456403020967e-06,0.636,0.591955185655059,2.21494130824176e-06,0.554,0,18,6,"Both","MO",1.256810299477e-05,"ENSG00000169976","ENSG00000184741","chr6_143615621_TA_T_b38","AdiposeSubcutaneous",0.0265310018692116,565,15,1,0.276
9844,1,0.5756,17,9.5816,0.481711455992108,2.27236838408999e-05,0.420440280344127,1.60567971921017e-05,0.0357036971631717,5.90231973274413e-05,0.014,0.173635212375226,3.91832203757414e-05,0.08,0,19,12,"Both","MO",0.00164053778619455,"ENSG00000118418","ENSG00000252935","chr6_79173195_G_A_b38","AdiposeSubcutaneous",0.27732093132238,566,14,1,0.662
10318,2,1.979,18,10.113,0.859172113379848,0.000743585984326479,0.532550868603971,0.000183027133499717,0.700694208676923,0.000462284105717015,0.638,0.908040248715626,-0.000137290687340481,0.896,0,19,9,"Both","MO",0.00170453297032158,"ENSG00000120899","ENSG00000228985","chr8_28070191_C_T_b38","AdiposeSubcutaneous",0.195436666490894,538,42,1,0.214
10438,2,1.6859,22,12.5478,0.107615120125494,0.477874257025369,0.00485001106456115,0.254052907065156,0.00948936218497062,0.455008498502338,0.004,0.000260361918455773,0.612912351194795,0,0.048,15,11,"Both","MO",0.00148682632376262,"ENSG00000101463","ENSG00000226232","chr20_24638178_A_G_b38","AdiposeSubcutaneous",0.775850535683254,376,185,20,0.274
10596,3,2.7954,24,14.7154,0.0543647877832419,0.0501480090043297,0.00292170785557362,0.028903798582049,0.000235895872146701,0.0611235289923954,0,9.99260541541164e-06,0.0758932393893891,0,0.038,23,17,"Both","MO",0.00235880694000246,"ENSG00000249471","ENSG00000270388","chr19_58090614_G_A_b38","AdiposeSubcutaneous",0.00488350868945782,281,231,69,0.418
10856,2,1.5579,26,14.3259,0.000626356335021877,62.493386154741,0.00216416136662268,61.8311180934336,0.00936759977605592,52.7069239542071,0.002,0.00162396882759237,65.0189271504907,0,0,24,5,"Both","MO",0.00242546265924704,"ENSG00000101126","ENSG00000225972","chr20_51537303_G_A_b38","AdiposeSubcutaneous",0.00180447808747122,567,14,NA,0
10968,1,0.9363,31,17.1073,0.0145188042998791,0.0381119072066232,0.00246881608772856,0.0275608069548688,3.37799164432114e-05,0.0513224589943821,0,0.00229175086402326,0.0383911035246272,0,0.008,24,3,"Both","MO",0.00286624570323646,"ENSG00000196323","ENSG00000259479","chr11_130220780_G_A_b38","AdiposeSubcutaneous",0.0572211065725615,76,242,263,0.006
11078,2,1.951,23,12.9977,0.00573707715231334,0.103533711900081,0.00108165988533795,0.0842621305325712,0.00165193139925252,0.094555450939133,0,0.00385360217756719,0.0918208977741358,0.002,0.004,15,17,"Both","MO",0.000905179589917759,"ENSG00000130939","ENSG00000196312","chr1_10004424_G_A_b38","AdiposeSubcutaneous",0.137308144608028,407,149,25,0
11159,4,2.6115,21,13.2955,0.73428517016502,0.000111354855217252,0.358469863663211,3.0084932160799e-05,0.390173718388471,0.000106609616843295,0.184,0.212476867151033,0.000150148079205592,0.03,0,23,15,"Both","MO",0.000181233090737365,"ENSG00000242299","ENSG00000252989","chr3_102187338_G_A_b38","AdiposeSubcutaneous",0.934625740824288,546,34,1,0.004
11205,1,1.0906,17,8.7661,0.324016831291332,-0.000238826366150892,0.0533712680123814,-0.000102805399563299,0.040047560975328,-0.000254100561047237,0.008,0.00726224780711771,-0.000333143782248715,0.002,0,18,7,"Both","MO",8.67828031658746e-11,"ENSG00000140688","ENSG00000251891","chr16_31702644_GA_G_b38","AdiposeSubcutaneous",0.0941770404748897,572,8,1,0
11753,1,0.2953,23,11.6595,0.6053622953676,-1.73565785395492e-06,0.525427800183865,-1.13036746754564e-06,0.710331013454349,-1.01234434760972e-06,0.69,0.0867162614824758,-4.69027937936164e-06,0.016,0,24,18,"Both","MO",8.41376524007842e-10,"ENSG00000131469","ENSG00000251759","chr17_42891584_G_A_b38","AdiposeSubcutaneous",0.412066764163871,557,23,1,0
1755,2,1.8766,9,5.542,0.137645323887952,-6.46828962348546e-05,0.180931581612916,-6.70843559143201e-05,0.096231393000817,-8.27486761818618e-05,0.058,0.110861096703786,-7.6932348648247e-05,0.072,0,12,3,"Cis.Med","MO",0.00341473037786,"ENSG00000163131","ENSG00000221093","chr1_150764744_A_G_b38","AdiposeSubcutaneous",0.220927369772174,508,71,2,0.406
2384,0,0,15,7.4437,0.155656031230226,0.00284598045480769,0.0331667456526471,0.00184185361614033,0.0019362752928121,0.00418308557533296,0.008,0.00786132134950267,0.00357436035458421,0.018,0.08,16,12,"Cis.Med","MO",0.00308465713584782,"ENSG00000282651","ENSG00000204894","chr14_106114510_A_G_b38","AdiposeSubcutaneous",0.0404519663308287,101,285,195,0.072
2889,2,2.1332,16,10.3872,0.278740937450124,-0.00124787414442293,0.0104536419536107,-0.000431898733240725,0.0116486265323747,-0.00126696221316448,0.002,0.0461951080082052,-0.00100090275394428,0.002,0,17,19,"Cis.Med","MO",2.47091510807707e-07,"ENSG00000158301","ENSG00000276958","chrX_102584895_C_T_b38","AdiposeSubcutaneous",0.163288766993754,573,6,2,0.762
3623,3,2.0918,24,12.3002,0.850227362269885,-0.0096174666317268,0.0104276151056701,-0.000739615090044492,8.05068481946158e-05,-0.0151719522110828,0,0.000331014740063441,-0.0134110794161324,0,0.728,15,11,"Cis.Med","MO",0.0030636366902741,"ENSG00000226380","ENSG00000199787","chr7_130882615_C_T_b38","AdiposeSubcutaneous",0.158449955081187,431,142,8,0.7
4216,4,3.0297,22,10.8293,0.581422705854882,0.00300392569170487,0.00583538311135257,0.000541927462543034,0.00228543009606669,0.00331549644795883,0,0.00556700646673658,0.00305248812644462,0,0.426,18,15,"Cis.Med","MO",1.18442971408506e-05,"ENSG00000143178","ENSG00000251781","chr1_168286170_A_G_b38","AdiposeSubcutaneous",0.289468787111034,536,44,1,0.914
5247,1,0.3699,13,7.3808,0.824420930663035,-0.00126031838851731,0.493262380859578,0.000364292936208881,0.245788595905911,-0.00203049176050962,0.142,0.724631447783426,-0.000635776330498689,0.686,0.322,14,4,"Cis.Med","MO",0.00131707039908924,"ENSG00000233098","ENSG00000217089","chr17_20917186_G_A_b38","AdiposeSubcutaneous",0.748860420193869,567,13,1,0.98
5449,1,0.8339,18,9.8778,0.0319507584805985,-0.199595566458067,0.00325019690252488,-0.11732618302468,0.00895596134192165,-0.175994057711717,0,0.337156423890587,-0.0656267315192547,0.206,0.018,21,19,"Cis.Med","MO",0.0030905167791957,"ENSG00000165409","ENSG00000277423","chr14_80984708_C_T_b38","AdiposeSubcutaneous",0.0148987364175503,262,240,79,0.022
5552,3,2.7285,16,10.0905,0.870160610675262,-0.00215847086151956,0.364646351045736,-0.000327969612411735,0.0345958044474522,-0.00504387067904357,0.006,0.319106257283512,-0.00234758998830928,0.214,0.004,18,4,"Cis.Med","MO",0.000143481372609111,"ENSG00000131381","ENSG00000271798","chr3_15070831_G_GT_b38","AdiposeSubcutaneous",0.470833178913678,569,11,1,0.95
5764,3,2.8873,19,11.1732,0.923137665671311,-0.000208171779884639,0.505642239130631,2.32589338633729e-05,0.452848951547535,-0.000226258567500477,0.31,0.0429359637437461,-0.000635797229295095,0.002,0,21,9,"Cis.Med","MO",6.86250112291731e-08,"ENSG00000145075","ENSG00000279004","chr3_180850268_C_T_b38","AdiposeSubcutaneous",0.796808285331503,543,37,1,0.092
6204,0,0,16,8.5534,0.752755562991401,2.76064299085979e-06,0.342654906486157,-7.7728410912584e-07,0.687519825518515,-1.15359810434919e-06,0.632,0.0350159151947055,6.13008281046371e-06,0.012,0.184,19,8,"Cis.Med","MO",1.64462616321082e-05,"ENSG00000121858","ENSG00000215000","chr3_172507695_G_A_b38","AdiposeSubcutaneous",0.45682971144997,507,70,4,0.982
6350,3,2.3407,28,14.5284,0.096177868889932,445.168123548371,0.00724307730822917,224.01055839352,2.25254585675927e-05,729.527126993182,0,0.00127675855745625,540.305001898788,0,0.066,23,7,"Cis.Med","MO",0.00352949252480594,"ENSG00000111981","ENSG00000225972","chr6_149965889_C_A_b38","AdiposeSubcutaneous",0.162096676163161,509,67,5,0.03
7063,0,0,10,6.1083,0.186978522281679,6.88321135861019e-05,0.615255784159717,0.000156676863294414,0.496949169139637,9.48900587537606e-05,0.478,0.0274749389703688,0.000305341431132446,0.018,0.398,13,12,"Cis.Med","MO",7.67247404160898e-05,"ENSG00000204315","ENSG00000257183","chr6_32130099_G_A_b38","AdiposeSubcutaneous",0.362064980016279,492,88,1,0.434
7164,3,2.3407,18,11.3779,0.623282285111977,-0.00212627643124879,0.136540403981602,-0.000615648889738412,0.52075661647441,-0.000944984665136562,0.45,0.0603866880912287,-0.00267274904198082,0.01,0.034,19,6,"Cis.Med","MO",8.55975468359027e-05,"ENSG00000120685","ENSG00000211680","chr13_39017965_A_G_b38","AdiposeSubcutaneous",0.337839491966982,541,39,1,0.362
7250,1,0.7685,28,15.8987,0.437536088190615,0.080561251335019,0.00574384949367988,0.0180861051435847,0.000313688538626307,0.107104844815735,0,0.0153069179474671,0.0708318036988724,0,0.356,29,6,"Cis.Med","MO",0.00154530497045413,"ENSG00000137817","ENSG00000232177","chr15_71755772_A_G_b38","AdiposeSubcutaneous",0.0789687911609524,469,94,18,0.622
7388,1,0.474,22,13.5126,0.315149517068857,0.00648603581818761,0.0208175746659502,0.00235544471732467,0.000932423123126928,0.00941959920537444,0,0.00259463704186245,0.00843957862786098,0,0.04,22,1,"Cis.Med","MO",4.13154517207026e-05,"ENSG00000158796","ENSG00000171931","chr1_160239483_C_T_b38","AdiposeSubcutaneous",0.958586848840265,538,42,1,0.032
8099,1,0.7685,15,9.4312,0.731071192624644,-0.00141815967881395,0.26573108584794,0.000351509858132314,0.0403435844623626,-0.0027152972674449,0.014,0.000635288558042623,-0.00432319391219622,0,0.96,18,11,"Cis.Med","MO",0.000221413729837971,"ENSG00000165186","ENSG00000200313","chrX_23534092_C_G_b38","AdiposeSubcutaneous",0.559078280728694,572,7,2,0.014
8121,3,2.093,21,12.865,0.680848296329986,-0.181233952743259,0.0555783287206388,-0.0314055199417657,0.121241987118793,-0.14989501403176,0.044,0.148428982048745,-0.135383400227496,0.044,0.218,22,6,"Cis.Med","MO",0.00140219265425046,"ENSG00000120742","ENSG00000198868","chr3_150546443_A_G_b38","AdiposeSubcutaneous",0.246317252095777,566,14,1,0.066
8295,2,2.1332,13,8.5663,0.0845687050019911,-0.000196456922506141,0.00561953057793676,-0.000106158050183129,6.14940085846568e-05,-0.000285563028492093,0,0.0297500541435954,-0.000155121996543142,0.014,0,16,9,"Cis.Med","MO",9.33771726607802e-10,"ENSG00000131871","ENSG00000254961","chr15_101494716_G_A_b38","AdiposeSubcutaneous",0.172532153396353,567,13,1,0.562
8691,3,2.0565,13,7.8515,0.152009973179858,0.000183005285533374,0.211531437735902,0.00018584319681203,0.00882765856889461,0.000379767438737205,0.002,0.169371414519597,0.000204489695720484,0.1,0,15,19,"Cis.Med","MO",0.000385043986007805,"ENSG00000270504","ENSG00000252935","chr6_3750371_G_C_b38","AdiposeSubcutaneous",0.000999636662561031,570,10,1,0.402
8746,7,4.4247,33,16.097,0.694957730842859,-0.00403019653467086,0.0050909350687017,-0.000469601149587495,0.00661405620090142,-0.00377412993652503,0,0.0402554960147242,-0.00287955022529896,0,0.448,21,13,"Cis.Med","MO",0.00196162901212871,"ENSG00000166869","ENSG00000236803","chr16_23334500_C_T_b38","AdiposeSubcutaneous",0.818448371936849,568,13,NA,0.116
8764,3,2.0103,21,11.7137,0.0903369518805712,-0.000368263230577488,0.140513419989379,0.000378352859351568,0.0332594296265371,-0.000527853087106498,0.006,0.471277208076025,0.0001817952249,0.37,0.054,18,9,"Cis.Med","MO",0.000381676833164368,"ENSG00000183401","ENSG00000280201","chr19_11306949_G_A_b38","AdiposeSubcutaneous",0.384414714962203,558,22,1,0
8771,1,1.0426,10,6.2238,0.702260244900522,8.796169616252e-06,0.819394314685607,-1.23541673445195e-05,0.905103410611956,-4.2034271391875e-06,0.856,0.284743086367494,4.16812219394623e-05,0.188,0.084,13,12,"Cis.Med","MO",0.00199460167476495,"ENSG00000163660","ENSG00000236691","chr3_156873393_G_A_b38","AdiposeSubcutaneous",0.0721943671542011,542,38,1,0.88
8876,1,0.6241,13,7.939,0.991954005367397,0.212356940865082,0.318431009551016,-0.00184342667247176,0.885794802215329,0.0318102725361155,0.862,0.217511447534477,0.262400399299865,0.144,0.282,16,13,"Cis.Med","MO",0.000307384056799753,"ENSG00000166974","ENSG00000239839","chr18_35953399_C_G_b38","AdiposeSubcutaneous",0.337488506967,564,16,1,0.038
8881,4,3.5547,29,17.6666,0.140778046465271,0.747232699379856,0.00365597168449954,0.333890975562545,0.0030083541048091,0.749161467479847,0,0.61541351637628,0.127154958758015,0.482,0.076,15,8,"Cis.Med","MO",0.00335116993601536,"ENSG00000104756","ENSG00000181061","chr8_25420993_C_T_b38","AdiposeSubcutaneous",0.12017450470179,199,290,92,0.092
9120,0,0,9,4.527,0.451039478328467,2.72916667846229e-07,0.069316150294986,1.04931844433788e-07,0.0695328015802836,2.70065293535147e-07,0.044,0.084209998384952,2.56899701876799e-07,0.066,0.214,10,2,"Cis.Med","MO",0.00193205971016375,"ENSG00000135821","ENSG00000226547","chr1_181650784_A_G_b38","AdiposeSubcutaneous",0.153609800505009,535,45,1,0.888
9528,4,3.5495,24,13.5829,0.0802837057013844,0.0289636944624209,0.00357373073601233,0.0166165492989648,0.273951069061746,0.010293528326521,0.112,0.0705841978956384,0.0180615049493991,0.008,0.022,17,9,"Cis.Med","MO",0.00267509951496891,"ENSG00000181722","ENSG00000252091","chr3_114304605_C_A_b38","AdiposeSubcutaneous",0.135270843995301,548,33,NA,0.044
9604,1,0.2917,18,5.6031,0.32669812194288,0.00037808833882067,0.0680669803272051,0.000212070736197217,0.241781344086661,0.000240003359178881,0.188,0.0115248794674325,0.000523455933476016,0.006,0,12,2,"Cis.Med","MO",0.00117365135613245,"ENSG00000101306","ENSG00000239792","chr20_31795363_A_G_b38","AdiposeSubcutaneous",0.889614474316206,462,109,10,0.748
9680,4,2.0149,30,16.7263,0.928964168149143,-0.00282903293812686,0.00569431192572145,0.00010094877347229,0.0114114235416076,-0.00250210513542687,0.002,0.000119817767331457,-0.00392387877757888,0,0.97,13,13,"Cis.Med","MO",0.0025099389612262,"ENSG00000154930","ENSG00000199601","chr20_25059305_AGGGCTTGCAGAG_A_b38","AdiposeSubcutaneous",0.476491543871918,458,109,14,0.524
9788,0,0,14,8.1469,0.52208208906291,-0.00107997044798331,0.0498539418472832,-0.000310755452855824,0.128116655197152,-0.000865146484403274,0.058,0.399737285217894,-0.000459571366626258,0.332,0.616,14,8,"Cis.Med","MO",0.000933434230383057,"ENSG00000232324","ENSG00000199857","chr19_54710153_G_A_b38","AdiposeSubcutaneous",0.523030077153511,537,43,1,0.446
9802,1,0.7685,15,7.1755,0.38408728088716,-8.22486528082425e-05,0.873176399513019,-0.000401638098537417,0.893308204176744,-7.3198606700912e-05,0.774,0.0612732276527717,-0.000984043094214127,0.024,0.008,16,17,"Cis.Med","MO",0.000630937591598268,"ENSG00000260139","ENSG00000217089","chr15_78720267_G_T_b38","AdiposeSubcutaneous",0.140752900453334,568,12,1,0.238
9839,6,3.5303,20,11.5773,0.000697189327070217,-0.000326640203616134,0.937764974203491,-0.0082884771934383,0.724175790744859,-0.00140930271581095,0.666,0.304159895984235,0.00432150442889498,0.138,0.002,17,11,"Cis.Med","MO",0.000366082251016753,"ENSG00000179454","ENSG00000275508","chr14_44133988_C_T_b38","AdiposeSubcutaneous",0.33550220559599,568,12,1,0.006
10051,1,0.7685,13,9.3627,0.666067491139638,-7.67436522903842e-05,0.619004411490828,5.81748728745653e-05,0.198274787555261,-0.000188257177288878,0.172,0.781023643505713,4.25759593111259e-05,0.826,0.348,16,11,"Cis.Med","MO",2.52283997148606e-05,"ENSG00000125378","ENSG00000221525","chr14_54071054_A_G_b38","AdiposeSubcutaneous",0.39891775322772,567,13,1,0.27
10097,1,1.2459,26,14.9291,0.0248445011277054,0.0101591207718305,0.000499985226938511,0.00597190870807147,0.0314233934215841,0.00614574916748317,0.012,0.00115654741539923,0.00964803923430472,0,0.082,23,19,"Cis.Med","MO",0.000289928415422747,"ENSG00000235238","ENSG00000252977","chr6_29517678_C_T_b38","AdiposeSubcutaneous",0.0201198998753173,559,22,NA,0.042
10130,3,3.1224,8,4.6979,0.678884255718444,7.02947790202628e-05,0.00161196746165571,-6.95070370934197e-06,0.114132278090654,3.48278838318176e-05,0.054,0.00578186217025758,6.08119379150178e-05,0,0.818,10,1,"Cis.Med","MO",0.000240527929735723,"ENSG00000115956","ENSG00000251339","chr2_68247159_T_TGCCCAGGCTGGTCTGGAACTCTTGAGCCCAAGATCCATCTGCCTCGGCCTCCCAAAGTGCTTGGATTGTAGGGATGA_b38","AdiposeSubcutaneous",0.248994263696958,571,10,NA,0.834
10184,2,0.5774,29,10.4796,0.659723349935094,-0.00141658773471117,0.0430078292730463,-0.000308284220501059,0.0844118199656986,-0.00118000477001783,0.014,0.379936641098029,-0.000618804729571858,0.248,0.152,15,12,"Cis.Med","MO",0.00317076462000165,"ENSG00000130957","ENSG00000250074","chr9_93751974_C_T_b38","AdiposeSubcutaneous",0.49859150907633,560,19,2,0.208
10288,2,1.418,19,12.1415,0.784169407419922,-0.00106499751688138,0.510765039461194,0.000346099125076528,0.513806491851421,-0.00100405370520453,0.362,0.620296404406073,0.000792696625970148,0.456,0.794,22,2,"Cis.Med","MO",2.293714188073e-05,"ENSG00000235576","ENSG00000259984","chr2_8361005_C_T_b38","AdiposeSubcutaneous",0.506903514450882,569,11,1,0.118
10553,0,0,18,10.1439,0.0630163677521622,0.000195006962560283,0.00124548240366184,0.000114864818487226,0.0022041929316799,0.000180368435907636,0,0.0164473315764407,0.000148506558420028,0.006,0.646,16,9,"Cis.Med","MO",0.0014559710790869,"ENSG00000249274","ENSG00000259836","chr3_99514525_A_T_b38","AdiposeSubcutaneous",0.0446911872479819,530,50,1,0.68
10621,1,0.8604,19,11.62,0.879474224073121,-0.00177349413435424,0.286995391414239,0.000222542974045505,0.689645130104617,-0.000632151393783643,0.644,0.777077203013428,-0.000470172273541838,0.78,0,20,15,"Cis.Med","MO",3.17745928968272e-06,"ENSG00000162928","ENSG00000239183","chr2_60446265_T_C_b38","AdiposeSubcutaneous",0.720416922307176,570,10,1,0.41
10922,2,1.5579,15,8.9079,0.000598922142616031,0.000647290222574926,0.000242190704582296,0.000517608765309973,5.65909537316356e-07,0.000859349522554309,0,1.96469697187999e-05,0.000751958235469295,0,0,17,13,"Cis.Med","MO",0.000144459028954991,"ENSG00000096080","ENSG00000239190","chr6_43865797_GA_G_b38","AdiposeSubcutaneous",0.00110756907347085,567,13,1,0.786
10924,5,3.5201,20,11.606,0.16551159929273,-0.188119197607777,0.0998257483110813,-0.115498256347678,0.0445902726395703,-0.227601560405379,0.002,0.191459218293212,-0.151956226345959,0.014,0,21,19,"Cis.Med","MO",0.000505410797070338,"ENSG00000188338","ENSG00000255501","chr3_50312030_C_A_b38","AdiposeSubcutaneous",0.113477300866012,493,85,3,0.158
10990,1,1.0906,15,8.8685,0.389665723113384,-0.00180338488843495,0.0275077166891761,-0.000637448000799939,0.110073006960552,-0.00131802904327057,0.048,0.597556472323181,0.00043337553656013,0.55,0,15,12,"Cis.Med","MO",1.00966190963447e-08,"ENSG00000253796","ENSG00000207104","chr8_108262302_C_G_b38","AdiposeSubcutaneous",0.0176171403411985,560,19,2,0.586
11026,6,3.0405,22,11.9784,2.18284977311744e-05,0.00168723175145638,6.46292638461282e-05,-0.00152203569991762,5.98453106107811e-09,0.0023369868083826,0,5.03412479089813e-08,0.00224073014272328,0,0,15,2,"Cis.Med","MO",6.35285031247435e-06,"ENSG00000189367","ENSG00000237261","chr6_127473826_G_A_b38","AdiposeSubcutaneous",0.376991616610541,563,17,1,0.494
11029,3,2.2155,25,13.8824,0.181154224210163,0.00333027110229058,0.209059792215762,-0.00329515404903255,0.826565190394072,-0.0005827882124307,0.74,0.234747697728211,0.00326989964277261,0.098,0.47,20,19,"Cis.Med","MO",0.000150037063539887,"ENSG00000196684","ENSG00000231011","chr19_15628920_T_C_b38","AdiposeSubcutaneous",0.509884054251383,567,13,1,0.488
11065,3,2.0069,17,10.8347,0.740976097809342,0.000569504898412113,0.0366683458975787,7.14105573188803e-05,0.00717537394666194,0.000750949034967567,0,0.0731494886822519,0.000495074205131001,0.014,0.542,20,15,"Cis.Med","MO",0.001876764885413,"ENSG00000162595","ENSG00000214071","chr1_68852118_G_A_b38","AdiposeSubcutaneous",0.744487006828525,5,17,559,0.166
11199,1,1.0426,15,9.0232,0.426665439503511,0.00115287973035876,0.109611524283663,0.000481012910793793,0.00545184146164833,0.0020276867628942,0.002,0.359473575738331,0.000674570564049614,0.24,0.176,16,17,"Cis.Med","MO",0.00179000626152015,"ENSG00000180828","ENSG00000207868","chr8_65061862_A_T_b38","AdiposeSubcutaneous",0.338096751171676,560,19,2,0.764
11204,4,2.8839,19,11.4629,0.78130475355657,0.00113855017471898,0.640780990194168,-0.000519226861278615,0.0707261854241586,0.00418446572142817,0.004,0.0114721688376683,-0.00611206682933187,0,0.038,20,2,"Cis.Med","MO",0.000526800778659187,"ENSG00000161405","ENSG00000201243","chr17_39789872_C_T_b38","AdiposeSubcutaneous",0.127767896622335,518,62,1,0.784
11232,3,2.8608,14,8.8439,0.300605368882018,-2.34847129712162e-05,0.120185860601253,-1.33196807049424e-05,0.213438945466722,-1.86976250233003e-05,0.06,0.0839839954750784,-2.60663647647456e-05,0.018,0,15,15,"Cis.Med","MO",0.00294940926423659,"ENSG00000011198","ENSG00000234524","chr3_43691432_C_G_b38","AdiposeSubcutaneous",0.893207987682858,538,41,2,0.072
11309,1,1.2459,12,8.0509,0.611832308152251,-0.0150528820921901,0.250455987113485,-0.0056690679351478,0.187979130901606,-0.0169701060162854,0.122,0.813472804305853,0.00308444360467717,0.794,0.78,15,15,"Cis.Med","MO",0.00112673396517149,"ENSG00000227347","ENSG00000259984","chr2_136309210_C_T_b38","AdiposeSubcutaneous",0.0210103455657867,565,15,1,0.918
11407,0,0,8,3.3193,0.508665989660687,-7.1595084111584e-07,0.605180744217805,8.62816727879639e-07,0.425532165377724,-1.1128829396741e-06,0.356,0.28762106117107,1.47698038752017e-06,0.286,0.924,9,12,"Cis.Med","MO",0.00271614027217026,"ENSG00000079308","ENSG00000242998","chr2_218064194_G_A_b38","AdiposeSubcutaneous",0.000524996922280509,547,33,1,0.91
11452,2,0.7778,28,12.8689,0.524838996544543,0.000158943633390643,0.0746411735254625,4.87312720883738e-05,0.606211941171503,4.51525981002444e-05,0.454,0.132056097745119,0.000135584308143155,0.028,0.008,23,18,"Cis.Med","MO",0.000486467807401025,"ENSG00000166145","ENSG00000188438","chr15_39958531_G_C_b38","AdiposeSubcutaneous",0.0330168428761535,548,32,1,0.01
11493,2,0.2349,9,3.0272,0.280444531821161,1.19848940519359e-05,0.926339776080157,-0.000122825616862014,0.123735364583057,0.000196123331547061,0.038,0.808412464827597,3.17195674095479e-05,0.828,0.032,12,7,"Cis.Med","MO",2.95026231300621e-05,"ENSG00000134760","ENSG00000207580","chr18_32253765_C_A_b38","AdiposeSubcutaneous",0.0859326722041678,546,34,1,0.966
3933,0,0,13,7.3976,0.11467718761353,6.89507662692131e-06,0.0828100906071743,5.61768410242371e-06,0.0363461301408131,8.32082845557877e-06,0.022,0.181489858301879,5.32643693968917e-06,0.17,0,15,7,"Trans.Med","MO",0.000292093330879872,"ENSG00000136156","ENSG00000255347","chr13_48119232_G_A_b38","AdiposeSubcutaneous",0.131023592033063,562,18,1,0.1
5984,0,0,10,4.6725,0.945739507145284,8.35700894720655e-07,0.873648342736111,-3.64502890827523e-07,0.478743825452637,3.69288364308703e-06,0.536,0.105248687147045,8.56830728199932e-06,0.136,0,9,7,"Trans.Med","MO",0.000733114224467535,"ENSG00000161960","ENSG00000242586","chr17_7578970_AAC_A_b38","AdiposeSubcutaneous",0.00017296956763763,550,30,1,0.876
6173,2,0.1507,18,7.6933,0.662285113889661,1.02873064779888e-06,0.634746349074014,7.65387466513883e-07,0.735625726551889,-7.01943726011145e-07,0.762,0.140078769066656,-3.2029892053206e-06,0.084,0.004,18,14,"Trans.Med","MO",1.92555429379127e-08,"ENSG00000008988","ENSG00000206661","chr8_56073068_TC_T_b38","AdiposeSubcutaneous",0.017312767513071,567,13,1,0.22
6362,1,0.8489,19,12.4329,0.0583530290550262,-2.20154302132225e-06,0.316453682776549,-3.30846499016517e-06,0.242872504304247,-2.55394907458138e-06,0.114,0.275981734873696,-2.45029521864767e-06,0.168,0,21,19,"Trans.Med","MO",2.63677968348475e-09,"ENSG00000101150","ENSG00000226270","chr20_63882170_C_T_b38","AdiposeSubcutaneous",0.000406368330786425,554,26,1,0.576
7632,0,0,14,7.339,0.634315127630055,7.03945385491463e-06,0.578311652020557,-5.47267703866059e-06,0.114118214470456,1.91069837512199e-05,0.064,0.916671297945187,1.34063363916556e-06,0.928,0,15,19,"Trans.Med","MO",2.98266019593818e-06,"ENSG00000223865","ENSG00000251759","chr6_33767491_CGAGGCCTCCT_C_b38","AdiposeSubcutaneous",0.0313210566369944,563,17,1,0.75
8329,5,3.2789,28,12.1046,0.229819601634196,1.39827377183437e-05,0.744899632736319,6.13007086137307e-05,0.989126128249901,5.82091032463714e-07,0.874,0.286343035989444,4.69302543053882e-05,0.176,0.73,17,19,"Trans.Med","MO",0.00256320637646779,"ENSG00000071242","ENSG00000278551","chr6_166637911_C_T_b38","AdiposeSubcutaneous",4.76242017338619e-44,560,20,1,0.28
8331,4,2.2422,31,15.8762,0.458079963447178,0.0235045907563286,0.158121027236186,-0.0105624521963593,0.0354912763605784,0.0342803348154561,0.004,0.179550893653539,0.0228459755123853,0.068,0.026,20,14,"Trans.Med","MO",3.79365104192786e-05,"ENSG00000182934","ENSG00000228639","chr11_126095074_T_C_b38","AdiposeSubcutaneous",3.09034524304037e-34,565,15,1,0
8469,2,0.6981,31,14.4858,0.0351495370538625,-0.000144746507177185,0.0190511407230557,-0.000105270699410157,0.00366625081935459,-0.000181725450261145,0,0.128402869294618,-9.32028916578156e-05,0.016,0.004,20,12,"Trans.Med","MO",7.52369099887851e-06,"ENSG00000145936","ENSG00000263435","chr5_170389370_C_T_b38","AdiposeSubcutaneous",6.96960859625714e-24,509,69,3,0.162
8572,0,0,16,6.8248,0.0609278542882423,7.38866044020525e-05,0.00232430670066198,4.82005845566887e-05,0.00912023496054753,6.20275672396622e-05,0,6.99911933005794e-06,0.000111217226750232,0,0,12,5,"Trans.Med","MO",0,"ENSG00000118432","ENSG00000238616","chr6_89070363_G_A_b38","AdiposeSubcutaneous",6.57698571306729e-13,552,28,1,0.112
9053,2,1.4966,17,10.4073,0.195194940283569,3.9789690539412e-05,0.27875608509915,3.99424184953789e-05,0.0956301187987279,6.25336869393376e-05,0.028,0.135745285272868,5.46864788517081e-05,0.054,0.572,19,18,"Trans.Med","MO",0.00157713811999982,"ENSG00000170881","ENSG00000233807","chr8_123845494_C_T_b38","AdiposeSubcutaneous",0.387952090164765,538,42,1,0.774
9231,7,3.9812,19,10.2476,0.799804241228074,-2.21230372176574e-05,0.630867337258672,9.2566139949982e-06,0.400158684189595,-4.0170409765293e-05,0.116,0.0295314167762944,-9.95654499949089e-05,0,0.348,18,11,"Trans.Med","MO",2.02562798572448e-05,"ENSG00000242071","ENSG00000279226","chr14_70483698_C_T_b38","AdiposeSubcutaneous",1.18919490753927e-06,531,49,1,0
9711,3,1.4883,24,12.3472,0.697596414965327,6.71108358222352e-07,0.992909938431249,2.55515908540664e-05,0.111905002315127,-0.000124474696242938,0.052,0.0389131163374092,0.000153502025519296,0.008,0.004,21,3,"Trans.Med","MO",0,"ENSG00000197324","ENSG00000207838","chr14_23388359_G_GGT_b38","AdiposeSubcutaneous",4.54257123009953e-09,568,12,1,0.006
9774,1,0.9363,14,7.9322,0.834076105717643,-2.10636619044766e-05,0.829376362230934,-1.97436487082693e-05,0.884188353473038,1.34805784068374e-05,0.842,0.610177181237525,-4.96520948038485e-05,0.606,0.02,13,11,"Trans.Med","MO",3.55183871203479e-08,"ENSG00000137033","ENSG00000266649","chr9_6197913_G_A_b38","AdiposeSubcutaneous",0.105841405727436,566,14,1,0.874
10181,1,0.2047,21,11.8535,0.691650050057494,1.99500669694208e-07,0.956393296762286,1.419976643243e-06,0.322146776118121,3.60410905423645e-06,0.228,0.689662221287934,-1.47317943444334e-06,0.62,0.068,18,9,"Trans.Med","MO",3.39084177625182e-07,"ENSG00000216490","ENSG00000207838","chr19_18576229_C_G_b38","AdiposeSubcutaneous",9.28030012419681e-07,564,16,1,0.026
10334,2,1.903,19,10.9697,0.840217645270186,-3.03352947049623e-05,0.598525412799089,-1.00128242102445e-05,0.910231326564128,-6.36648532132353e-06,0.914,0.594037584502164,3.08633708958782e-05,0.424,0,20,8,"Trans.Med","MO",6.21859129990021e-06,"ENSG00000143621","ENSG00000207084","chr1_153855903_G_A_b38","AdiposeSubcutaneous",0.00988194458066904,564,16,1,0.468
10501,1,0.5756,17,10.6494,0.667753096792446,8.70770660739993e-05,0.930028905378829,0.000347684093104909,0.694635601370735,0.000383782963040328,0.598,0.423341233970082,0.00079229780258364,0.27,0,19,8,"Trans.Med","MO",0.0021752874817722,"ENSG00000168172","ENSG00000252861","chr8_43124847_C_T_b38","AdiposeSubcutaneous",0.0103792090249079,552,28,1,0.692
11386,0,0,10,4.4939,0.401195592492852,3.07036717346846e-08,0.848722322205888,1.38760312215714e-07,0.850668860621864,3.07821159273168e-08,0.886,0.203482595629523,2.07507418624348e-07,0.17,0,9,18,"Trans.Med","MO",4.44089209850063e-16,"ENSG00000107796","ENSG00000254156","chr10_89476359_G_A_b38","AdiposeSubcutaneous",9.47706491066409e-06,565,15,1,0.698
11483,1,0.8339,12,7.0462,0.157226177319866,-1.13909720926603e-05,0.122152407701866,-8.92051660619035e-06,0.00819009138668803,-1.96948002394191e-05,0.002,0.447031207480821,-5.60715925121302e-06,0.342,0.026,15,12,"Trans.Med","MO",0.00193021569579965,"ENSG00000168899","ENSG00000230114","chr2_85445017_C_T_b38","AdiposeSubcutaneous",0.50132252345087,567,13,1,0.094
11534,2,1.9395,16,10.0464,0.332747930950783,-1.2600084312871e-05,0.770125108968416,-3.50953242472648e-05,0.324307405154122,-4.20167908014644e-05,0.198,0.506755835419068,2.90760004108232e-05,0.366,0,18,19,"Trans.Med","MO",4.11578518160205e-05,"ENSG00000077782","ENSG00000201634","chr8_37928559_C_T_b38","AdiposeSubcutaneous",0.615714028770465,556,23,2,0.942
