"Trio.Num","Num.pcs.MRPC","Per.var.MRPC","Num.pcs.GMAC","Per.var.GMAC","Med.pvalue.MRPC","Med.coef.MRPC","Med.pvalue.GMAC","Med.coef.GMAC","STM.med.p","STM.med.coef","LTM.med.p","LTM.med.coef","STM.dim.diff","LTM.dim.diff","Med.type","Perm.p","cis.gene","trans.gene","snp","Tissue","hr","het","ha"
5683,4,2.7786,9,6.2575,0.497927553820452,9.755656870518e-05,0.701921483088115,0.000157389709455115,0.259053063580742,-0.000282832434617902,0.614417678809866,0.000128131493389842,12,13,"Both",0.000263444590729023,"ENSG00000145715","ENSG00000264330","chr5_86411404_G_A_b38","AdiposeSubcutaneous",560,20,1
7206,1,0.2029,17,7.5044,0.545424703513864,-3.54713878051305e-06,0.100849515454993,1.17062730778967e-06,0.0713022763330239,-4.01502809379597e-06,0.0172678587799648,-5.16731936581002e-06,16,10,"Both",3.29022986633731e-09,"ENSG00000100345","ENSG00000255113","chr22_35416011_G_A_b38","AdiposeSubcutaneous",564,16,1
11159,4,2.6115,21,13.2955,0.73428517016502,0.000111354855217252,0.358469863663211,3.0084932160799e-05,0.544311748384743,7.51572311711361e-05,0.33166837514813,0.000121911692874924,23,16,"Both",0.000181233090737365,"ENSG00000242299","ENSG00000252989","chr3_102187338_G_A_b38","AdiposeSubcutaneous",546,34,1
510,0,0,15,8.8907,0.470475755691249,2.95841692568809e-07,0.581708560272852,3.31779230161456e-07,0.383735319085415,4.59613586092913e-07,0.882775823674167,-7.86310928536452e-08,17,13,"Trans.Med",1.53274501979439e-08,"ENSG00000243678","ENSG00000234803","chr17_51149056_G_A_b38","AdiposeSubcutaneous",540,40,1
10051,1,0.7685,13,9.3627,0.666067491139638,-7.67436522903842e-05,0.619004411490828,5.81748728745653e-05,0.172053091389571,0.000217692727944413,0.992587144033002,-1.44691780703264e-06,16,12,"Cis.Med",2.52283997148606e-05,"ENSG00000125378","ENSG00000221525","chr14_54071054_A_G_b38","AdiposeSubcutaneous",567,13,1
9108,3,2.6456,14,8.6633,0.474260371632633,3.51698060389605e-06,0.641275257111329,4.76480386571642e-06,0.582957840796382,-4.25419210190172e-06,0.316490332531514,7.69272886110426e-06,17,10,"Both",4.30766533554561e-13,"ENSG00000142507","ENSG00000230788","chr17_4541417_C_T_b38","AdiposeSubcutaneous",568,12,1
8370,1,1.0906,13,7.5986,0.918168742102911,-0.000508505098622604,0.183188152192048,-3.39370168193718e-05,0.0800789169071922,-0.000661348455400965,0.0851143486149923,-0.000662627402035035,15,18,"Cis.Med",2.9130572229974e-06,"ENSG00000254366","ENSG00000278349","chr8_77438879_A_G_b38","AdiposeSubcutaneous",542,38,1
11205,1,1.0906,17,8.7661,0.324016831291332,-0.000238826366150892,0.0533712680123814,-0.000102805399563299,0.45088635840576,-9.46888091546145e-05,0.0117709255279959,-0.000318223135513248,18,16,"Both",8.67828031658746e-11,"ENSG00000140688","ENSG00000251891","chr16_31702644_GA_G_b38","AdiposeSubcutaneous",572,8,1
9774,1,0.9363,14,7.9322,0.834076105717643,-2.10636619044766e-05,0.829376362230934,-1.97436487082693e-05,0.000639776701371786,-0.000324592003229154,0.580101104092201,5.33376526717242e-05,13,13,"Trans.Med",3.55183871203479e-08,"ENSG00000137033","ENSG00000266649","chr9_6197913_G_A_b38","AdiposeSubcutaneous",566,14,1
8876,1,0.6241,13,7.939,0.991954005367397,0.212356940865082,0.318431009551016,-0.00184342667247176,0.125252328445387,0.337586476242001,0.904906474086405,0.0257633244645677,16,12,"Cis.Med",0.000307384056799753,"ENSG00000166974","ENSG00000239839","chr18_35953399_C_G_b38","AdiposeSubcutaneous",564,16,1
7120,3,2.5227,15,10.6904,0.295194155233836,-0.00156148414292465,0.0563095498780225,-0.000726243309889565,0.0098419704444163,-0.00209271969566164,0.407469133788817,-0.000682922159589106,18,18,"Cis.Med",0.00147143739623412,"ENSG00000283050","ENSG00000249843","chr4_119601682_C_T_b38","AdiposeSubcutaneous",565,15,1
3040,2,1.2433,12,7.3799,0.876632187065661,0.0010576872728255,0.202715752375529,0.000111733329147183,0.886227336667839,0.000121396838407483,0.185876380827601,0.00110563635203322,14,10,"Cis.Med",0.000817350028961217,"ENSG00000213906","ENSG00000200132","chr14_24308741_G_A_b38","AdiposeSubcutaneous",554,26,1
3933,0,0,13,7.3976,0.11467718761353,6.89507662692131e-06,0.0828100906071743,5.61768410242371e-06,0.336824174365972,3.7506143634512e-06,0.083768170226031,6.84544425856769e-06,15,18,"Trans.Med",0.000292093330879872,"ENSG00000136156","ENSG00000255347","chr13_48119232_G_A_b38","AdiposeSubcutaneous",562,18,1
8667,2,1.8508,9,5.8732,0.924122987698598,1.02681491094881e-06,0.988405499420815,6.39721569695073e-06,0.243902728224873,8.05607483192557e-05,0.372332729975417,-6.21090540266594e-05,11,11,"Trans.Med",9.35035333604617e-06,"ENSG00000117616","ENSG00000200890","chr1_25246146_G_A_b38","ArteryTibial",566,17,1
9698,1,1.1855,14,9.3041,0.225191859801698,9.09001923190055e-05,0.514658956867383,0.000135508331154224,0.770395444063292,4.16276019957444e-05,0.481960688821377,-9.82972549419206e-05,17,2,"Cis.Med",0.00163899015357605,"ENSG00000184058","ENSG00000207982","chr22_20354801_G_A_b38","ArteryTibial",572,11,1
10006,1,0.2821,16,7.6515,0.456085011373559,-1.78594846686485e-06,0.620268519317307,-2.04492299534925e-06,0.249702974457907,-4.06615253829214e-06,0.625008589464095,1.75591452667146e-06,18,11,"Both",1.02162722726007e-12,"ENSG00000265681","ENSG00000270395","chr18_49588800_A_G_b38","ArteryTibial",564,19,1
9089,2,2.426,17,11.4786,0.66918789801168,-6.32069948990015e-05,0.170446492560656,-1.53033190622561e-05,0.504483730565131,-3.12891155238658e-05,0.619916785653627,-2.26762253553054e-05,20,2,"Cis.Med",1.60605498900068e-07,"ENSG00000107262","ENSG00000251214","chr9_33224724_A_AT_b38","ArteryTibial",571,12,1
4874,0,0,22,11.9335,0.202635849925454,1.68425586280662e-06,0.674511981828665,-4.55815035071922e-06,0.601764767803793,-2.03930104695115e-06,0.00162425837274359,1.25398942195347e-05,21,11,"Cis.Med",0.00107257490710788,"ENSG00000213977","ENSG00000279780","chr17_3668569_G_A_b38","ArteryTibial",551,32,1
9223,2,2.426,9,7.5734,0.594323687746129,0.00161043477235997,0.859537949647925,0.00451589032444835,0.899217965261772,-0.00117715104103671,0.494603066179997,-0.00621069853833809,12,2,"Cis.Med",7.18652645401718e-05,"ENSG00000165521","ENSG00000252644","chr14_88876087_G_A_b38","ArteryTibial",565,18,1
7942,1,0.5684,24,13.8543,0.986606984375399,0.000464985799497425,0.604370953808573,1.1657518593405e-05,0.0426621473571025,0.00177179725310115,0.576774301538245,-0.000496101039335416,25,11,"Cis.Med",0.000596804623146596,"ENSG00000062485","ENSG00000258232","chr12_56300123_A_C_b38","ArteryTibial",560,23,1
5871,1,0.9478,14,9.912,0.269512282993314,-7.67266972912929e-05,0.0557758870614228,-3.78536322204118e-05,0.265351088321806,-4.55110686376833e-05,0.772617039590855,1.15150279661228e-05,16,2,"Cis.Med",0.000115920284650795,"ENSG00000204316","ENSG00000239991","chr17_75901263_G_A_b38","ArteryTibial",570,13,1
5243,2,1.6128,12,8.1496,0.172661444737462,7.36530381609237e-06,0.709969220456647,2.40144957825039e-05,0.30543134334815,2.08139686197843e-05,0.0416549501992256,4.05384099330647e-05,15,2,"Cis.Med",0.000291120596104033,"ENSG00000148672","ENSG00000243861","chr10_87060835_A_T_b38","ArteryTibial",519,63,2
5094,1,0.3352,22,10.2671,0.915956941923634,-0.00278347778566646,0.0723151722467353,-0.000137699224267076,0.0527379711254052,-0.00307426502067658,0.0450340809968612,-0.00311526844095509,20,2,"Cis.Med",0.000218120513055364,"ENSG00000092295","ENSG00000227048","chr14_24261256_A_G_b38","ArteryTibial",2,76,506
6006,0,0,14,8.7568,0.979806758041688,-0.000150225219866725,0.579508823135239,5.87451179753529e-06,0.178030163442282,-0.000359517055541299,0.923361520286492,2.60859968020227e-05,16,11,"Cis.Med",0.00182761295968636,"ENSG00000237181","ENSG00000252128","chr7_592819_G_A_b38","ArteryTibial",571,12,1
10466,3,2.4247,18,11.9051,0.980602319354669,0.000289196535353434,0.747768866954495,-1.83273035172813e-05,0.446367921988575,-0.000668259936089399,0.704889790538685,0.000339286883942931,19,11,"Cis.Med",0.000299288295103839,"ENSG00000150048","ENSG00000265503","chr12_10694869_G_A_b38","ArteryTibial",569,14,1
6191,6,3.6458,32,18.3122,0.351861239854803,2.45315558900207,0.172433266353081,-1.66076060056123,0.0398163986296908,3.66113499703093,0.544181276154765,1.07938662675088,19,11,"Cis.Med",0.00043087748580195,"ENSG00000274020","ENSG00000170477","chr1_148389903_G_A_b38","ArteryTibial",569,14,1
6979,0,0,20,12.9421,0.807166059417973,-0.000254232528557085,0.41024370141518,-6.434707085978e-05,0.0855740195713643,-0.000544397294275774,0.101853064704459,-0.000500237925663461,21,2,"Both",0.00176680208457203,"ENSG00000164877","ENSG00000206807","chr7_1465839_G_A_b38","ArteryTibial",569,14,1
1895,4,4.0387,10,7.0361,0.173739169451593,-0.00027141577410609,0.422549762636176,-0.000419970196161576,0.634243651514566,-0.000158129262696316,0.745560558806743,-0.000109675771092704,12,11,"Trans.Med",0.000113963425115049,"ENSG00000140632","ENSG00000212545","chr16_4814996_G_A_b38","ArteryTibial",515,68,1
10790,1,0.2067,20,11.6831,0.206462848728669,4.52922918156351e-06,0.530368116229341,9.02966486065844e-06,0.999286916764512,-6.30631812191196e-09,0.541853259112074,4.41630012583271e-06,17,11,"Trans.Med",6.66133814775094e-16,"ENSG00000152137","ENSG00000238452","chr12_118625662_G_T_b38","ArteryTibial",564,19,1
8737,4,2.6136,25,12.484,0.182903320140121,9.52844923221964e-05,0.0910256252426084,5.67270499307568e-05,0.0815564320933772,0.000100120659715505,0.887026977612013,7.96126839490665e-06,26,2,"Cis.Med",0.000757500889005502,"ENSG00000145592","ENSG00000206106","chr5_40805815_A_G_b38","ArteryTibial",488,91,5
7304,2,0.5382,22,11.2619,0.950634365293375,1.17245186095799e-08,0.92683279768425,-7.64608658839462e-09,0.739303999912159,-4.16143142180986e-08,0.546704496972668,-7.69297878047701e-08,16,11,"Trans.Med",0.000195482263002367,"ENSG00000272573","ENSG00000250319","chr3_52221728_C_T_b38","ArteryTibial",572,11,1
7383,0,0,17,8.1207,0.636619586334399,4.8582459576636e-06,0.084725797081774,1.20239254183145e-06,0.305092141003923,2.9411167549004e-06,0.929895565673664,2.4553036609258e-07,18,2,"Cis.Med",8.30856507798572e-05,"ENSG00000225972","ENSG00000264139","chr1_1426961_G_A_b38","ArteryTibial",563,20,1
3323,2,1.6694,13,8.2437,0.634802546160796,-7.1465608567917e-05,0.151931907303572,-2.08317955111306e-05,0.452700595218474,-3.84747042125388e-05,0.857994751937643,-8.78117681571023e-06,15,2,"Cis.Med",1.84558857085904e-09,"ENSG00000125629","ENSG00000271671","chr2_118128822_C_A_b38","ArteryTibial",549,34,1
8767,1,0.4147,24,12.8603,0.468981803078553,3.96907711601445e-05,0.13819965503157,1.47645313228987e-05,0.229435714264405,3.1207780161921e-05,0.00233548214886812,8.05307819002343e-05,24,11,"Both",0.00110080016974368,"ENSG00000211897","ENSG00000249970","chr14_105811886_T_C_b38","ArteryTibial",567,16,1
11352,0,0,14,6.9106,0.0302687049836264,-3.74564094791251e-05,0.333577573809064,-3.87240851771013e-05,0.274130217905233,-4.16636343457165e-05,0.0910985933271707,-6.56473072164108e-05,17,11,"Cis.Med",3.85669760722962e-05,"ENSG00000229807","ENSG00000276326","chrX_74334641_C_T_b38","ArteryTibial",581,2,1
3725,5,3.6838,27,15.3554,0.59581347285224,-0.192965520500535,0.0880522495488416,-0.0549743084008953,0.126614580514664,-0.176438521623847,0.34216329456181,-0.10638109365508,26,2,"Cis.Med",0.00215067655065893,"ENSG00000164975","ENSG00000154227","chr9_15463692_C_CCAAGCA_b38","MuscleSkeletal",674,28,4
6141,2,1.7087,21,12.0744,0.177313947901291,0.000603126529197014,0.229713523322564,0.000587482241661506,0.106859899039087,0.000799879571913316,0.313857645905894,0.000493106780403118,20,5,"Cis.Med",0.00340850410503468,"ENSG00000198642","ENSG00000207249","chr9_21348681_C_T_b38","MuscleSkeletal",666,39,1
9248,5,3.1141,33,15.9727,0.522464524732135,0.0034408799308878,0.0646839672058793,0.00130948214226479,0.111549275432614,0.00296755966518115,0.0261520336277694,0.00401273970380945,21,9,"Cis.Med",0.00177540797172515,"ENSG00000241634","ENSG00000221491","chr3_108322608_C_T_b38","MuscleSkeletal",668,37,1
2536,0,0,12,8.2645,0.26955090772618,0.000723276477662268,0.0752730522170258,0.000397949965336262,0.0684268490346208,0.000738116407225207,0.280091513507768,0.000439629689838351,14,15,"Cis.Med",0.0010944504051289,"ENSG00000259917","ENSG00000249038","chr15_34513688_C_T_b38","MuscleSkeletal",692,13,1
3791,1,0.6826,17,13.0375,0.306358962648377,-3.89131753916176e-06,0.338292731759073,-3.42829790869522e-06,0.438863588668369,-3.20904566654897e-06,0.00865894774162028,-1.06185851649646e-05,18,10,"Both",0.00353688706571043,"ENSG00000104936","ENSG00000268116","chr19_45789391_T_C_b38","MuscleSkeletal",665,40,1
9822,0,0,17,10.6164,0.623243255958634,1.76190379870885e-07,0.833915300336885,3.71650424846951e-07,0.135879604964902,1.24738598240209e-06,0.674118662452423,-3.52235138402338e-07,19,15,"Trans.Med",6.5267546801584e-05,"ENSG00000156508","ENSG00000201026","chr6_73139744_C_T_b38","MuscleSkeletal",695,10,1
8765,3,2.255,25,13.0661,0.425811852296626,0.0741704810040749,0.138849057595041,-0.0376964856109794,0.154845477676051,0.0700171845098607,0.00235425754109903,0.151860673619058,17,16,"Cis.Med",1.01795108173874e-05,"ENSG00000159792","ENSG00000163421","chr16_68848642_A_G_b38","MuscleSkeletal",638,67,1
9655,0,0,14,8.5897,0.87992086793352,-0.000802488271955679,0.640853134588756,0.000237408557977927,0.63459272454703,-0.000804306588719552,0.347975379841937,-0.00162235501921175,17,16,"Cis.Med",0.0039477282012661,"ENSG00000234219","ENSG00000221614","chr1_208462211_G_A_b38","MuscleSkeletal",681,23,2
2049,2,1.7243,21,11.4326,0.43430517628189,-2.00198570557985e-05,0.895335077003554,-0.000101400336309472,0.591817464335469,-8.11079874091258e-05,0.896398517970479,-1.94897426412028e-05,21,5,"Cis.Med",0.00199636428182259,"ENSG00000197568","ENSG00000233712","chr1_70355119_G_A_b38","MuscleSkeletal",689,16,1
9583,4,5.129,33,20.387,0.831223869658639,-0.00318803981496938,0.076610212067657,0.000236748492502238,0.017548350915093,-0.00434813857855517,0.00144079423630368,-0.0056523119290776,35,2,"Cis.Med",0.00169825514613442,"ENSG00000150051","ENSG00000278877","chr10_27226446_G_C_b38","MuscleSkeletal",671,34,1
2835,4,3.4196,18,10.8942,0.286743691417324,-3.89128082629803e-05,0.926874346747446,0.000382814044505854,0.566243835298511,0.000242396513261228,0.0824736168543486,-0.000744300766948156,20,9,"Cis.Med",0.000181877002370268,"ENSG00000240303","ENSG00000264357","chr3_132612278_G_C_b38","MuscleSkeletal",684,21,1
3940,4,2.2582,39,20.1096,0.830015360024793,-0.000830708892044499,0.0849009082359909,0.000113955988055021,0.0449464091676141,-0.000981148414283983,0.129977038461616,-0.000720227602864521,15,2,"Trans.Med",0.00256451463726481,"ENSG00000082146","ENSG00000245648","chr2_201482535_T_G_b38","MuscleSkeletal",655,50,1
8207,3,0.7743,28,11.0139,0.464378757631802,-1.16990091428553e-05,0.597515877312311,-1.1180777359529e-05,0.84653002710657,-4.22995120656051e-06,0.837957572485011,4.61286550469522e-06,29,15,"Trans.Med",4.11320514093205e-07,"ENSG00000139239","ENSG00000280196","chr12_63712507_G_C_b38","MuscleSkeletal",684,21,1
9423,2,1.4658,26,14.229,0.539232870041555,0.000262094689440915,0.0808075160855791,7.21745342575444e-05,0.251182649896578,0.000174650597936175,0.407697618102492,0.00012255210176246,28,2,"Cis.Med",0.000861717181247945,"ENSG00000135070","ENSG00000200869","chr9_87214083_T_C_b38","MuscleSkeletal",675,30,1
7948,4,3.16,24,14.0824,0.649839405358358,0.00110963089130519,0.261194494329542,0.000396759594763375,0.52277772293737,-0.000626488238820783,0.170216717063251,0.00134757042175432,24,9,"Cis.Med",0.000571028787563987,"ENSG00000198056","ENSG00000201541","chr12_56957144_G_A_b38","MuscleSkeletal",649,56,1
9287,5,4.4058,27,14.1317,0.742781144218804,1.11673764305179e-05,0.698016466863965,7.68516859463317e-06,0.0353898350090045,-6.0163074237237e-05,0.295419683088986,3.01282586966626e-05,25,15,"Both",1.56629598180302e-10,"ENSG00000137076","ENSG00000201026","chr9_36703297_T_C_b38","MuscleSkeletal",693,12,1
10049,2,1.829,21,11.6136,0.42513213308103,-3.55419720865991e-05,0.577185468413378,-4.23642438777581e-05,0.154187319425446,-9.23613494746507e-05,0.693974088451107,-2.48838554449702e-05,22,2,"Trans.Med",0.00102135967646011,"ENSG00000166987","ENSG00000207069","chr12_58070138_C_T_b38","MuscleSkeletal",656,49,1
7885,3,2.1357,19,10.6624,0.425633982282324,9.73416778549892e-06,0.94568210534606,-9.70694214115737e-05,0.210208984443246,0.000177806455637696,0.517614386088361,-9.10032831645379e-05,19,5,"Cis.Med",9.22073474662888e-06,"ENSG00000128311","ENSG00000278677","chr22_37019732_GC_G_b38","MuscleSkeletal",680,25,1
6779,2,1.4513,26,13.0583,0.610949701378583,6.59361425612753e-05,0.414804212111669,-3.25652980673082e-05,0.769147445089337,2.35783172841861e-05,0.0473057105423037,0.000159990167403131,26,9,"Both",2.18939809131236e-05,"ENSG00000100897","ENSG00000207827","chr14_24303428_C_T_b38","MuscleSkeletal",682,23,1
3162,2,1.7417,20,12.1693,0.554365906409556,-0.00011393669722909,0.102484342116276,-3.28150054643653e-05,0.536208270579708,-4.27497279216284e-05,0.100522255898287,-0.000112774122104972,21,5,"Cis.Med",1.17111477182519e-07,"ENSG00000124098","ENSG00000264357","chr20_56359011_C_T_b38","MuscleSkeletal",673,32,1
6556,1,0.6062,18,10.0433,0.966620782892657,8.7319589862433e-05,0.130068647673958,1.89552752852541e-06,0.0401013809157858,0.000116712596028744,0.082472392137716,0.000100918065608075,21,10,"Cis.Med",0.00138750822683886,"ENSG00000003436","ENSG00000274844","chr2_187465955_C_A_b38","SkinSunExposed",551,52,2
1504,2,1.2413,16,8.5819,0.0046928403481444,-0.000357116495955132,0.120585967124126,-0.000523764854054999,0.251623582709598,-0.000258671168297351,0.0100910601777103,-0.000580738984770597,19,10,"Cis.Med",0.000533071147913677,"ENSG00000161847","ENSG00000212595","chr19_10325346_TC_T_b38","SkinSunExposed",556,48,1
5189,0,0,15,8.1915,0.819453186460376,0.00180137179979028,0.283915762719198,0.000351457569075437,0.142264227481217,0.00243431773137309,0.608348019977552,0.000866173285939718,16,10,"Cis.Med",0.00103886243632867,"ENSG00000227578","ENSG00000221649","chr3_15120199_G_A_b38","SkinSunExposed",591,13,1
6451,1,0.732,11,6.0472,0.228464342823124,0.00137218476905972,0.0940877099844969,0.00088225057787833,0.161137858333337,0.00112329139665,0.231666880542832,0.000975427977164586,13,10,"Both",0.000845607534752935,"ENSG00000179361","ENSG00000230271","chr15_74594629_G_T_b38","SkinSunExposed",542,62,1
12012,1,0.6438,17,8.1179,0.594421085203507,-0.000160969063775383,0.489284357072458,0.000106922498863238,0.654735235574916,-0.000101863733745002,0.295414927201104,-0.000240471492632377,18,10,"Cis.Med",0.00329200149516096,"ENSG00000143756","ENSG00000251875","chr1_223651627_C_T_b38","SkinSunExposed",590,14,1
4995,2,1.1751,17,10.0005,0.990586882065947,-0.000414045270265167,0.200498625228704,3.30349963551137e-06,0.970674277968952,1.16814786233099e-05,0.541480535887436,-0.000196834666009719,20,10,"Cis.Med",1.62305946460606e-10,"ENSG00000005189","ENSG00000223260","chr16_20689094_CAT_C_b38","SkinSunExposed",563,41,1
10473,2,1.3829,17,9.7491,0.832284479005883,7.37336762527773e-05,0.614165665666024,2.50340974156654e-05,0.394177649079863,0.000122278790822975,0.553976725204461,8.66610290112601e-05,20,10,"Both",0.00279070881749321,"ENSG00000105323","ENSG00000264226","chr19_41256358_G_C_b38","SkinSunExposed",565,39,1
11793,6,3.6832,20,10.865,0.215022869173717,2.83248752255498e-05,0.16812474738397,2.16901281186591e-05,0.0179147650062071,4.75506803660874e-05,0.163847521363775,2.84208743589986e-05,20,10,"Trans.Med",0.00143428401844714,"ENSG00000134419","ENSG00000264358","chr16_18005074_G_A_b38","SkinSunExposed",594,10,1
10534,1,0.1579,15,6.9084,0.304880712031998,-1.08369012957157e-05,0.202880762422426,-7.81301226183531e-06,0.230376117103382,-1.003098391568e-05,0.0130979941167177,-2.10171931579591e-05,14,10,"Both",6.94422611862144e-05,"ENSG00000125730","ENSG00000265110","chr19_6608103_A_G_b38","SkinSunExposed",593,11,1
3535,0,0,16,7.8145,0.435303279567192,-6.03114329037789e-07,0.412868498503668,-4.96574682204283e-07,0.862542102907661,1.25441484838758e-07,0.0403329704288808,-1.50501668207577e-06,17,10,"Trans.Med",0.00018352809246891,"ENSG00000063177","ENSG00000276782","chr19_48604086_G_A_b38","SkinSunExposed",593,11,1
2390,0,0,17,10.1541,0.617844965794788,-0.000136106531482557,0.286282471751405,-4.9912334778646e-05,0.392671530657354,0.000106932375981833,0.435381447525415,-9.884018251833e-05,20,10,"Cis.Med",0.0024187118547212,"ENSG00000091947","ENSG00000219453","chr17_44014960_A_G_b38","SkinSunExposed",553,50,2
4512,1,0.8562,8,4.5103,0.115327851857853,-0.000136250675490754,0.120987565756294,-0.000129016387066098,0.325564300653237,-8.46981624908819e-05,0.656923757998589,-3.93246557203285e-05,11,10,"Cis.Med",0.00302046904371633,"ENSG00000277034","ENSG00000230654","chr20_38421365_C_T_b38","SkinSunExposed",466,132,7
6790,2,1.34,14,8.3615,0.382823206401824,0.00025127199643837,0.18747325775907,0.00014262262994522,0.0280442511017618,0.000408003801132996,0.209090382964942,0.000239160190859347,16,10,"Cis.Med",0.000205883612893532,"ENSG00000104960","ENSG00000264979","chr19_49860328_CAG_C_b38","SkinSunExposed",568,36,1
11523,0,0,8,4.8823,0.668264883493077,-4.47879898405416e-06,0.560915673958132,-3.04035209719664e-06,0.19574676779843,-9.8503482695038e-06,0.750076612227217,-2.46075404408629e-06,11,10,"Both",1.71549860827902e-06,"ENSG00000164442","ENSG00000276706","chr6_139163139_C_T_b38","SkinSunExposed",596,8,1
10654,1,0.732,14,7.6993,0.36947213928155,-2.38516559609325e-05,0.835640664562035,-8.66306303579149e-05,0.95140929226363,6.84280608782056e-06,0.165558174856,0.000159028898487599,17,10,"Cis.Med",2.8004792462788e-07,"ENSG00000213199","ENSG00000234276","chr7_150849357_C_T_b38","SkinSunExposed",566,38,1
12471,2,0.0822,11,5.841,0.713895874946352,7.73636938207129e-07,0.738940035210692,-7.74385728885212e-07,0.407360233951341,1.88232881959309e-06,0.863089838297528,-4.01382567967254e-07,13,10,"Both",1.25336291634248e-06,"ENSG00000122406","ENSG00000238904","chr1_93170804_T_C_b38","SkinSunExposed",593,11,1
11132,1,0.9462,15,8.5563,0.347204612312494,-0.000774198852920534,0.719270581541722,-0.0016923918629424,0.378720557823987,-0.00187443644582554,0.447778620288309,0.00164851778432311,18,10,"Cis.Med",0.00188539686001499,"ENSG00000179314","ENSG00000222246","chr17_4948480_C_T_b38","SkinSunExposed",584,20,1
4567,1,0.9462,17,9.8616,0.852401925896012,0.000150792696821741,0.652872168517018,4.81023197382299e-05,0.0417648017536659,-0.00067337049060599,0.531086296173916,0.000210967233549417,19,10,"Trans.Med",0.000309798193638855,"ENSG00000006125","ENSG00000212553","chr17_35646643_T_C_b38","SkinSunExposed",557,47,1
5417,1,0.7903,22,12.9723,0.136121457362539,-0.000182152865422488,0.404274517587793,-0.000264197947763211,0.0365547544178149,-0.000468221746266819,0.0557516041980005,-0.000417092928962089,22,8,"Trans.Med",3.18430369325995e-05,"ENSG00000101199","ENSG00000274663","chr20_63285889_A_G_b38","WholeBlood",1,12,657
6921,5,1.5331,25,12.4758,0.743003183880356,0.00038268427812017,0.0885051705414916,5.95122524813677e-05,0.244847210848418,0.000254855451079259,0.209379010472554,0.000278636994772812,22,6,"Cis.Med",0.000202165168794011,"ENSG00000166801","ENSG00000212380","chr11_59142893_T_TTCGCTC_b38","WholeBlood",644,25,1
5139,5,1.1864,28,9.9459,0.673519607117537,6.5711584511587e-06,0.513717349450041,3.53972569485004e-06,0.30615647184813,1.06666416867283e-05,0.16721100546325,1.38997512204475e-05,22,15,"Trans.Med",5.5859744389597e-05,"ENSG00000115307","ENSG00000199508","chr2_74729212_G_A_b38","WholeBlood",658,11,1
6715,2,0.7418,19,7.0738,0.825367242765165,9.67024198134424e-07,0.629747913376632,4.05570958765484e-07,0.881652175701968,-3.06204376308479e-07,0.137778748065429,2.99287713938893e-06,17,11,"Trans.Med",0.000412724774629725,"ENSG00000100450","ENSG00000260332","chr14_24442297_TGCGCCGCCCA_T_b38","WholeBlood",653,15,2
8201,3,1.8228,22,8.7839,0.401133677429411,0.00141526036101946,0.234172194018119,0.00088329311002894,0.446121689177631,0.000923208845812144,0.116636807247232,0.00183040554469755,19,9,"Cis.Med",0.0025830138416072,"ENSG00000048028","ENSG00000283740","chr11_113792122_A_G_b38","WholeBlood",577,90,3
2547,2,1.1312,33,16.3891,0.980445296775508,0.0297619824349852,0.0774701432116951,0.000344536998267621,0.483859648544144,0.0121652430302817,0.0808321019258839,0.0299221161986671,26,5,"Cis.Med",0.00438630528221595,"ENSG00000231475","ENSG00000262902","chr14_106354427_T_G_b38","WholeBlood",427,232,11
8112,3,1.9535,16,9.7667,0.870808751605605,-0.01626036255,0.470665508207288,0.00331043763247024,0.181332550088851,-0.0306426517087285,0.156269455086378,-0.0321630002567155,16,15,"Cis.Med",0.00480614181181571,"ENSG00000272356","ENSG00000238423","chr6_111433344_G_A_b38","WholeBlood",644,25,1
2657,1,0.0847,17,7.3862,0.7774956230816,4.99458241356305e-07,0.744909055797915,3.56056571372005e-07,0.195500947120376,2.03946208293356e-06,0.321769810279929,1.52397844921517e-06,19,15,"Trans.Med",3.93983559332511e-07,"ENSG00000118181","ENSG00000251746","chr11_119008965_TTGGGTCAAAGTGGC_T_b38","WholeBlood",645,24,1
7383,2,1.3601,20,8.9665,0.882363866692085,6.56632811357053e-05,0.271056351368117,8.11119571388796e-06,0.149116716651373,8.43829809359446e-05,0.424832645941266,4.74540305456659e-05,18,7,"Cis.Med",0.00347566284330325,"ENSG00000187257","ENSG00000230437","chr7_77081162_T_C_b38","WholeBlood",646,23,1
6669,1,0.2149,40,16.0516,0.542423089840398,-0.000134678478549904,0.114082289934911,4.70542732966174e-05,0.736603112460445,-2.79918760131536e-05,0.00353897675913271,-0.000249154506530607,24,10,"Cis.Med",0.00507048046253167,"ENSG00000162241","ENSG00000206843","chr11_65389043_C_T_b38","WholeBlood",628,41,1
4767,5,2.1964,22,11.2404,0.818267354093324,9.94842543784869e-05,0.348340935197326,2.0934634590549e-05,0.748106680082019,3.31468366538606e-05,0.0378946293672606,0.000220413157671085,19,7,"Trans.Med",0.00107696782887867,"ENSG00000163812","ENSG00000212380","chr3_44967182_C_T_b38","WholeBlood",652,17,1
8602,2,0.3264,16,5.3974,0.407357294572781,-3.19393008762299e-07,0.577126582683776,-4.81175818365181e-07,0.357630908313768,-5.35389595573852e-07,0.797835169385422,-1.4650222594792e-07,11,5,"Trans.Med",7.72515074198843e-06,"ENSG00000121316","ENSG00000186886","chr12_14671092_G_A_b38","WholeBlood",653,16,1
4195,0,0,20,9.9739,0.342196100844058,0.000284881465285571,0.602732683869695,-0.000470310383951139,0.233650186486167,0.000665394135720626,0.381267420109852,0.00047905790385615,19,15,"Cis.Med",0.00567128114828908,"ENSG00000273137","ENSG00000207838","chr22_50199196_A_C_b38","WholeBlood",625,44,1
6523,3,1.0699,20,9.1909,0.83890707807273,-0.000624987360168739,0.345976910530099,-0.000123849845667386,0.25366111612133,-0.000770470550621681,0.446742992482189,0.000497603695055729,17,11,"Trans.Med",5.15222733366016e-08,"ENSG00000154957","ENSG00000252521","chr17_12569749_C_T_b38","WholeBlood",615,54,1
