"SNP","trans.gene.name","trans.gene.ID","trans.chr","obs.reads","expected.reads","total_NA's","P(>obs)","BY","HB.Adjusted","qvals","variant.pos","trans.left","trans.right","variant.lower.bound","variant.upper.bound","trans.lower.bound","trans.upper.bound","cis.gene.name","cis.gene.ID","cis.chr"
"chr16_66858101_G_A_b38","CHCHD3","ENSG00000106554","7",27,6.48146570089476,5306,0.00234341712824883,0.618319404654684,0.133574776310183,0.133574776310183,66858101,132784870,133082090,66758101,66958101,132684870,133182090,"DYNC1LI2","ENSG00000135720","16"
"chr8_143790170_G_A_b38","RNU6-650P","ENSG00000202528","7",16,5.62051944999412,1491,0.0113996944411799,1,0.638382888706076,0.27029086752191,143790170,149033057,149033167,143690170,143890170,148933057,149133167,"CYP11B1","ENSG00000160882","8"
"chr12_53103097_CAT_C_b38","CCL26","ENSG00000006606","7",17,5.93954020068589,2127,0.0142258351327321,1,0.782420932300267,0.27029086752191,53103097,75769533,75789896,53003097,53203097,75669533,75889896,"AAAS","ENSG00000094914","12"
"chr3_32317125_CA_C_b38","","ENSG00000257226","2",11,5.17863281766495,2437,0.0461457093745868,1,1,0.541775256783688,32317125,143765940,143776119,32217125,32417125,143665940,143876119,"DYNC1LI1","ENSG00000144635","3"
"chr1_46309111_A_G_b38","UQCRHL","ENSG00000233954","1",226,132.992553710938,1808,0.06787109375,1,1,0.541775256783688,46309111,15807169,15809348,46209111,46409111,15707169,15909348,"UQCRH","ENSG00000173660","1"
"chr12_109693986_T_C_b38","","ENSG00000254258","8",12,6.16947781885397,1344,0.0679297597042514,1,1,0.541775256783688,109693986,139460062,139463016,109593986,109793986,139360062,139563016,"TCTN1","ENSG00000204852","12"
"chr19_35135469_G_A_b38","ZNF571","ENSG00000180479","19",463,405.073119469027,960,0.0756637168141593,1,1,0.541775256783688,35135469,37554782,37594792,35035469,35235469,37454782,37694792,"CTD-2527I21","ENSG00000279619","19"
"chr2_26686072_C_T_b38","","ENSG00000240777","3",10,5.35976381273724,516,0.0890974272458878,1,1,0.541775256783688,26686072,55610603,55613104,26586072,26786072,55510603,55713104,"IFT172","ENSG00000138002","2"
"chr11_72923156_TTTTG_T_b38","","ENSG00000248318","8",11,6.07495387453875,1328,0.0960562730627306,1,1,0.541775256783688,72923156,120761253,120776832,72823156,73023156,120661253,120876832,"ARAP1","ENSG00000186635","11"
"chr10_101576495_C_T_b38","RBM41","ENSG00000089682","X",6,3.04760196148786,1639,0.0990312163616792,1,1,0.541775256783688,101576495,107064420,107118823,101476495,101676495,106964420,107218823,"BTRC","ENSG00000166167","10"
"chr13_27546531_A_G_b38","","ENSG00000270354","2",10,5.50562113546937,6442,0.104553119730185,1,1,0.541775256783688,27546531,64208498,64208716,27446531,27646531,64108498,64308716,"LNX2","ENSG00000139517","13"
"chr1_44743916_G_A_b38","IGLVVII-41-1","ENSG00000254073","22",11,6.22378441710603,1465,0.11493848857645,1,1,0.545957820738137,44743916,22398849,22398999,44643916,44843916,22298849,22498999,"PLK3","ENSG00000173846","1"
"chr8_133202869_G_A_b38","MMP2","ENSG00000087245","16",11,6.48398058252427,1760,0.126820388349515,1,1,0.556058625840179,133202869,55389700,55506691,133102869,133302869,55289700,55606691,"WISP1","ENSG00000104415","8"
"chr12_3395334_C_T_b38","TRAJ17","ENSG00000211872","14",11,6.75326560232221,354,0.137569977192619,1,1,0.560106335712805,3395334,22526844,22526906,3295334,3495334,22426844,22626906,"FOXM1","ENSG00000111206","12"
"chr22_21335586_C_T_b38","PI4KAP1","ENSG00000274602","22",365,660.126852039781,146,0.15770245585549,1,1,0.599269332250863,21335586,18533646,18577968,21235586,21435586,18433646,18677968,"TMEM191C","ENSG00000206140","22"
"chr7_2343874_CCAGGCACAGTGGTG_C_b38","MIR3943","ENSG00000264069","7",157,210.880987241163,438,0.17799623509726,1,1,0.624109705538429,2343874,43150895,43150994,2243874,2443874,43050895,43250994,"LFNG","ENSG00000106003","7"
"chr14_104848641_A_G_b38","RN7SL741P","ENSG00000242381","13",11,7.49923312883436,872,0.188540753724803,1,1,0.624109705538429,104848641,25944478,25944766,104748641,104948641,25844478,26044766,"IGHA1","ENSG00000211895","14"
"chr3_182951992_G_A_b38","NUPR2","ENSG00000185290","7",8,5.46061571125265,580,0.210934182590234,1,1,0.624109705538429,182951992,56114681,56116417,182851992,183051992,56014681,56216417,"DCUN1D1","ENSG00000043093","3"
"chr4_113297067_A_C_b38","","ENSG00000228549","1",8,5.69316052467208,3596,0.21892567145534,1,1,0.624109705538429,113297067,16870945,16883659,113197067,113397067,16770945,16983659,"AC004057","ENSG00000196656","4"
"chr16_86387664_G_A_b38","HHEX","ENSG00000152804","10",10,6.95644828233527,4673,0.219072648770415,1,1,0.624109705538429,86387664,92689955,92695647,86287664,86487664,92589955,92795647,"FOXF1","ENSG00000103241","16"
"chr17_28687610_A_G_b38","SNORA51","ENSG00000271798","20",15,10.8096961719864,883,0.232093890534167,1,1,0.624109705538429,28687610,2655067,2655198,28587610,28787610,2555067,2755198,"ALDOC","ENSG00000109107","17"
"chr12_108865590_G_A_b38","SORD2P","ENSG00000259479","15",10,7.35292867013926,593,0.240884447751674,1,1,0.624109705538429,108865590,44825747,44884694,108765590,108965590,44725747,44984694,"CORO1C","ENSG00000110880","12"
"chr22_24246728_C_T_b38","","ENSG00000197210","22",255,643.153729071537,145,0.256722475900558,1,1,0.631842129802313,24246728,21114607,21124451,24146728,24346728,21014607,21224451,"GGT5","ENSG00000099998","22"
"chr9_96887183_A_G_b38","","ENSG00000204894","7",8,6.09426847662142,3370,0.276923076923077,1,1,0.631842129802313,96887183,152367171,152367260,96787183,96987183,152267171,152467260,"EIF4BP3","ENSG00000224546","9"
"chr4_124976858_AT_A_b38","MIR4325","ENSG00000266666","20",8,6.11292590589508,755,0.277555435370471,1,1,0.631842129802313,124976858,57321502,57321591,124876858,125076858,57221502,57421591,"ANKRD50","ENSG00000151458","4"
"chr13_53693250_T_C_b38","MIR548H5","ENSG00000266807","6",7,5.51066238913002,4701,0.300245329307416,1,1,0.631842129802313,53693250,131792172,131792231,53593250,53793250,131692172,131892231,"OLFM4","ENSG00000102837","13"
"chr14_24851967_G_A_b38","MIR4654","ENSG00000266144","1",7,5.56979731658578,6497,0.304025121324579,1,1,0.631842129802313,24851967,162157107,162157182,24751967,24951967,162057107,162257182,"IRF9","ENSG00000213928","14"
"chr2_111623466_G_A_b38","RNU6-453P","ENSG00000252628","17",8,6.39251523063534,808,0.310378590078329,1,1,0.631842129802313,111623466,44307088,44307172,111523466,111723466,44207088,44407172,"ANAPC1","ENSG00000153107","2"
"chr11_63977137_T_C_b38","MZT2A","ENSG00000173272","2",7,5.69001170503316,4874,0.337300039016777,1,1,0.65696233000361,63977137,131464900,131492743,63877137,64077137,131364900,131592743,"COX8A","ENSG00000176340","11"
"chr3_95632297_C_T_b38","SNORA75","ENSG00000212593","16",7,5.7822842700686,1691,0.345769647370321,1,1,0.65696233000361,95632297,23441841,23441921,95532297,95732297,23341841,23541921,"MTRNR2L12","ENSG00000269028","3"
"chr15_85095349_A_T_b38","LINC02459","ENSG00000257476","12",8,6.96106163785577,4273,0.375240090797974,1,1,0.688771233795262,85095349,114238970,114241770,84995349,85195349,114138970,114341770,"ADAMTS7P4","ENSG00000218052","15"
"chr19_10094150_G_T_b38","RNA5SP43","ENSG00000252368","1",8,7.6312025033527,7763,0.386678587393831,1,1,0.688771233795262,10094150,37264677,37264786,9994150,10194150,37164677,37364786,"C19orf66","ENSG00000130813","19"
"chr8_68053893_G_A_b38","","ENSG00000223897","2",6,5.42036935454379,4531,0.414518193454014,1,1,0.715985970511478,68053893,53486144,53486280,67953893,68153893,53386144,53586280,"COPS5","ENSG00000121022","8"
"chr11_14502787_G_A_b38","ARF5","ENSG00000004059","7",6,5.98154276985743,2144,0.480651731160896,1,1,0.786676973084394,14502787,127588386,127591700,14402787,14602787,127488386,127691700,"COPB1","ENSG00000129083","11"
"chr1_209892800_A_C_b38","","ENSG00000204666","19",6,7.49063759184641,1562,0.485067551552501,1,1,0.786676973084394,209892800,50050589,50066793,209792800,209992800,49950589,50166793,"SYT14","ENSG00000143469","1"
"chr1_16483831_G_C_b38","ZNF92P2","ENSG00000269505","19",6,7.29385182542514,1591,0.496848614579617,1,1,0.786676973084394,16483831,22128627,22130318,16383831,16583831,22028627,22230318,"MST1P2","ENSG00000186301","1"
"chr11_63827899_T_G_b38","RNU7-49P","ENSG00000251991","11",50,222.326961453629,479,0.514021636382733,1,1,0.791871169562589,63827899,14478892,14478953,63727899,63927899,14378892,14578953,"C11orf95","ENSG00000188070","11"
"chr1_21500037_C_T_b38","CTRB1","ENSG00000168925","16",5,6.07684196652168,2413,0.579280347963622,1,1,0.856478552448437,21500037,75218988,75226338,21400037,21600037,75118988,75326338,"CELA3B","ENSG00000219073","1"
"chr14_24146226_T_C_b38","PSME2P3","ENSG00000248988","4",5,5.57287124168005,5643,0.589396373651595,1,1,0.856478552448437,24146226,159007119,159007835,24046226,24246226,158907119,159107835,"PSME2","ENSG00000100911","14"
"chr19_8322323_G_A_b38","RPS28P4","ENSG00000237039","2",5,6.25596816976127,7738,0.609637488947834,1,1,0.856478552448437,8322323,231256097,231256306,8222323,8422323,231156097,231356306,"RPS28","ENSG00000233927","19"
"chr11_61488005_G_C_b38","RNA5SP43","ENSG00000252368","1",5,6.10481770833333,5392,0.619791666666667,1,1,0.856478552448437,61488005,37264677,37264786,61388005,61588005,37164677,37364786,"SLC15A3","ENSG00000110446","11"
"chr19_34518874_T_G_b38","Y_RNA","ENSG00000206998","20",9,11.8571744906997,968,0.631089459698849,1,1,0.856478552448437,34518874,43451159,43451260,34418874,34618874,43351159,43551260,"SCGB1B2P","ENSG00000268751","19"
"chr3_123478230_T_C_b38","CMPK2","ENSG00000134326","2",4,5.17289780926145,2377,0.68385150203332,1,1,0.894922120830711,123478230,6840570,6866635,123378230,123578230,6740570,6966635,"PARP9","ENSG00000138496","3"
"chr3_161234486_A_C_b38","EGFLAM-AS3","ENSG00000249071","5",4,5.42493127511102,542,0.716113343201523,1,1,0.894922120830711,161234486,38345347,38346551,161134486,161334486,38245347,38446551,"NMD3","ENSG00000169251","3"
"chr3_52505834_G_A_b38","MIR3179-2","ENSG00000257381","16",4,5.76564931178935,1645,0.735368043087971,1,1,0.894922120830711,52505834,16300159,16300242,52405834,52605834,16200159,16400242,"TNNC1","ENSG00000114854","3"
"chr12_28967626_C_T_b38","MIR7156","ENSG00000276081","1",4,6.05535601098669,5267,0.742869216141982,1,1,0.894922120830711,28967626,77060143,77060202,28867626,29067626,76960143,77160202,"OVCH1-AS1","ENSG00000257599","12"
"chr7_6872931_G_T_b38","TRAJ58","ENSG00000211833","14",4,5.80418550846566,491,0.748869492060154,1,1,0.894922120830711,6872931,22477707,22477769,6772931,6972931,22377707,22577769,"ZNF12","ENSG00000164631","7"
"chr11_128037521_C_T_b38","OR7E97P","ENSG00000179170","3",4,5.92416614222782,3644,0.753618628067967,1,1,0.894922120830711,128037521,125747084,125748098,127937521,128137521,125647084,125848098,"RP11-702B10","ENSG00000273415","11"
"chr1_14677_G_A_b38","FAM157C","ENSG00000260528","16",3,5.84488188976378,2380,0.832283464566929,1,1,0.933517808822989,14677,90102271,90178344,-85323,114677,90002271,90278344,"RP11-206L10","ENSG00000228327","1"
"chr5_76819034_C_G_b38","RNU5A-5P","ENSG00000222986","1",3,6.00551286334781,4014,0.834447043100568,1,1,0.933517808822989,76819034,231670635,231670750,76719034,76919034,231570635,231770750,"RPL7P23","ENSG00000244363","5"
"chr17_38438841_G_C_b38","NDUFB2P1","ENSG00000249074","4",4,7.96714100905563,6135,0.847865459249677,1,1,0.933517808822989,38438841,154724586,154724880,38338841,38538841,154624586,154824880,"LINC00672","ENSG00000263874","17"
"chr3_186980088_G_T_b38","RNA5SP43","ENSG00000252368","1",3,5.87112781954887,3350,0.85593984962406,1,1,0.933517808822989,186980088,37264677,37264786,186880088,187080088,37164677,37364786,"RTP4","ENSG00000136514","3"
"chr16_16214818_C_T_b38","PKD1P5","ENSG00000254681","16",15,320.898507462687,2295,0.868007787151201,1,1,0.933517808822989,16214818,18374521,18401940,16114818,16314818,18274521,18501940,"RP11-958N24","ENSG00000227827","16"
"chr15_97963813_C_G_b38","","ENSG00000278665","16",3,7.98864871392344,1719,0.909068953024997,1,1,0.959572783748608,97963813,28599241,28601881,97863813,98063813,28499241,28701881,"ARRDC4","ENSG00000140450","15"
"chr2_241908700_G_A_b38","RPS23P5","ENSG00000242608","5",2,5.26771907216495,688,0.93481529209622,1,1,0.968808575445173,241908700,13250235,13250662,241808700,242008700,13150235,13350662,"AC093642","ENSG00000280119","2"
"chr16_29462318_G_A_b38","Metazoa_SRP","ENSG00000277473","6",1,6.8452082859094,5607,1,1,1,1,29462318,11644067,11644343,29362318,29562318,11544067,11744343,"TUFM","ENSG00000178952","16"
"chrX_135664548_C_A_b38","","ENSG00000232817","7",1,2.88031980319803,1870,1,1,1,1,135664548,63388808,63393657,135564548,135764548,63288808,63493657,"HTATSF1","ENSG00000102241","X"
"chr21_5097921_C_T_b38","GATD3A","ENSG00000160221","21",NA,NA,NA,NA,NA,NA,NA,5097921,44133610,44210114,4997921,5197921,44033610,44310114,"CH507-9B2","ENSG00000280071","21"
"chr22_50781891_C_G_b38","RPL23AP87","ENSG00000232938","17",NA,NA,NA,NA,NA,NA,NA,50781891,83226897,83240804,50681891,50881891,83126897,83340804,"RPL23AP82","ENSG00000184319","22"
"chr20_31171721_A_T_b38","FRG1DP","ENSG00000282870","20",NA,NA,NA,NA,NA,NA,NA,31171721,29080390,29102761,31071721,31271721,28980390,29202761,"FRG1BP","ENSG00000149531","20"
"chr21_43159738_G_A_b38","U2AF1L5","ENSG00000275895","21",NA,NA,NA,NA,NA,NA,NA,43159738,6484623,6499261,43059738,43259738,6384623,6599261,"U2AF1","ENSG00000160201","21"
"chr21_6122794_C_T_b38","SIK1","ENSG00000142178","21",NA,NA,NA,NA,NA,NA,NA,6122794,43414483,43427131,6022794,6222794,43314483,43527131,"CH507-42P11","ENSG00000275993","21"
"chrX_47356438_G_A_b38","LINC02442","ENSG00000256077","12",NA,NA,NA,NA,NA,NA,NA,47356438,67571197,67589987,47256438,47456438,67471197,67689987,"ZNF182","ENSG00000147118","X"
"chr10_83923649_C_T_b38","","ENSG00000231358","13",NA,NA,NA,NA,NA,NA,NA,83923649,18921888,18944284,83823649,84023649,18821888,19044284,"GHITM","ENSG00000165678","10"
"chr8_42479923_G_C_b38","MTND1P23","ENSG00000225972","1",NA,NA,NA,NA,NA,NA,NA,42479923,629062,629433,42379923,42579923,529062,729433,"RPL5P23","ENSG00000240395","8"
"chr8_68057228_G_A_b38","MTND1P23","ENSG00000225972","1",NA,NA,NA,NA,NA,NA,NA,68057228,629062,629433,67957228,68157228,529062,729433,"C8orf34","ENSG00000165084","8"
"chrX_43965120_A_C_b38","","ENSG00000224603","9",NA,NA,NA,NA,NA,NA,NA,43965120,62444256,62444634,43865120,44065120,62344256,62544634,"NDP","ENSG00000124479","X"
