SNP,Trans-Gene Name,Trans-Gene ID,Trans-Gene Chr,Observed Reads,Expected Reads,Total NAs,Monte Carlo p-Value,Benjamini & Yekutieli Adjusted p,Holm Adjusted p,q-Value,Variant Position,Trans-Gene Left End,Trans-Gene Right End,Variant Neighborhood Lower Bound,Variant Neighborhood Upper Bound,Trans-Gene Neighborhood Lower Bound,Trans-Gene Neighborhood Upper Bound,Cis-Gene Name,Cis-Gene ID,Cis-Gene Chr
chr16_66858101_G_A_b38,CHCHD3,ENSG00000106554,7,27,6.382918305,5422,0.002839668,0.334537475,0.096548711,0.08123371,66858101,132784870,133082090,66758101,66958101,132684870,133182090,DYNC1LI2,ENSG00000135720,16
chr17_2045932_C_T_b38,KMT2C,ENSG00000055609,7,25,7.267810599,5396,0.004778454,0.334537475,0.157688966,0.08123371,2045932,152134922,152436005,1945932,2145932,152034922,152536005,DPH1,ENSG00000108963,17
chr5_2094034_T_C_b38,IRX1,ENSG00000170549,5,3426,182.1412589,436,0.008051025,0.37576585,0.25763279,0.091244946,2094034,3595832,3601403,1994034,2194034,3495832,3701403,IRX2,ENSG00000170561,5
chr14_97718183_C_A_b38,BCL11B,ENSG00000127152,14,4287,330.6120465,22,0.011926238,0.417475386,0.369713369,0.101373021,97718183,99169287,99272197,97618183,97818183,99069287,99372197,LINC01550,ENSG00000246223,14
chr12_53103097_CAT_C_b38,CCL26,ENSG00000006606,7,17,5.972904211,2139,0.016537336,0.463108718,0.496120087,0.112453886,53103097,75769533,75789896,53003097,53203097,75669533,75889896,AAAS,ENSG00000094914,12
chr3_43866751_T_C_b38,LIN52,ENSG00000205659,14,13,5.490125116,329,0.02740151,0.56116268,0.79464378,0.136263736,43866751,74084796,74201235,43766751,43966751,73984796,74301235,RP4-555D20,ENSG00000261786,3
chr11_518990_G_C_b38,IRF2,ENSG00000168310,4,14,5.73800905,3370,0.028054299,0.56116268,0.785520362,0.136263736,518990,184387729,184474550,418990,618990,184287729,184574550,LRRC56,ENSG00000161328,11
chr2_88575373_C_A_b38,SLC7A14,ENSG00000013293,3,12,5.343065693,547,0.040833598,0.684929404,1,0.166317261,88575373,170459548,170586075,88475373,88675373,170359548,170686075,AC062029,ENSG00000234028,2
chr14_104873793_C_T_b38,CLTCL1,ENSG00000070371,22,22,9.824105578,301,0.044025157,0.684929404,1,0.166317261,104873793,19179473,19291719,104773793,104973793,19079473,19391719,CEP170B,ENSG00000099814,14
chr3_32317125_CA_C_b38,,ENSG00000257226,2,11,5.23864223,2252,0.051755292,0.724673142,1,0.175967992,32317125,143765940,143776119,32217125,32417125,143665940,143876119,DYNC1LI1,ENSG00000144635,3
chr1_46309111_A_G_b38,UQCRHL,ENSG00000233954,1,226,153.3156603,1852,0.068114875,0.824187818,1,0.200132538,46309111,15807169,15809348,46209111,46409111,15707169,15909348,UQCRH,ENSG00000173660,1
chr12_109693986_T_C_b38,,ENSG00000254258,8,12,6.165477722,1449,0.070635013,0.824187818,1,0.200132538,109693986,139460062,139463016,109593986,109793986,139360062,139563016,TCTN1,ENSG00000204852,12
chr2_26686072_C_T_b38,,ENSG00000240777,3,10,5.350702886,539,0.089948208,0.940663225,1,0.228415556,26686072,55610603,55613104,26586072,26786072,55510603,55713104,IFT172,ENSG00000138002,2
chr10_101576495_C_T_b38,RBM41,ENSG00000089682,X,6,3.015684866,1648,0.096503831,0.940663225,1,0.228415556,101576495,107064420,107118823,101476495,101676495,106964420,107218823,BTRC,ENSG00000166167,10
chr11_72923156_TTTTG_T_b38,,ENSG00000248318,8,11,6.123567921,1446,0.100771569,0.940663225,1,0.228415556,72923156,120761253,120776832,72823156,73023156,120661253,120876832,ARAP1,ENSG00000186635,11
chr8_133202869_G_A_b38,MMP2,ENSG00000087245,16,11,6.39983165,1684,0.127104377,1,1,0.270096801,133202869,55389700,55506691,133102869,133302869,55289700,55606691,WISP1,ENSG00000104415,8
chr5_96797724_C_T_b38,SHPK,ENSG00000197417,17,10,6.832736739,781,0.217268684,1,1,0.399610497,96797724,3608253,3636250,96697724,96897724,3508253,3736250,ERAP1,ENSG00000164307,5
chr3_182951992_G_A_b38,NUPR2,ENSG00000185290,7,8,5.479672201,604,0.220625798,1,1,0.399610497,182951992,56114681,56116417,182851992,183051992,56014681,56216417,DCUN1D1,ENSG00000043093,3
chr16_86387664_G_A_b38,HHEX,ENSG00000152804,10,10,6.984643848,4595,0.223311748,1,1,0.399610497,86387664,92689955,92695647,86287664,86487664,92589955,92795647,FOXF1,ENSG00000103241,16
chr22_24246728_C_T_b38,,ENSG00000197210,22,255,684.6248481,124,0.25708789,1,1,0.437049413,24246728,21114607,21124451,24146728,24346728,21014607,21224451,GGT5,ENSG00000099998,22
chr2_199884843_A_G_b38,G2E3,ENSG00000092140,14,7,5.319785759,478,0.285129175,1,1,0.461637711,199884843,30559158,30620064,199784843,199984843,30459158,30720064,C2orf69,ENSG00000178074,2
chr11_63977137_T_C_b38,MZT2A,ENSG00000173272,2,7,5.776410857,4879,0.334309705,1,1,0.510871003,63977137,131464900,131492743,63877137,64077137,131364900,131592743,COX8A,ENSG00000176340,11
chr2_151337578_G_A_b38,ALDOB,ENSG00000136872,9,7,5.847374686,2439,0.345589208,1,1,0.510871003,151337578,101420560,101449664,151237578,151437578,101320560,101549664,TNFAIP6,ENSG00000123610,2
chr1_63608245_T_C_b38,ABCB5,ENSG00000004846,7,6,5.57136117,1522,0.41507431,1,1,0.578573582,63608245,20615207,20777038,63508245,63708245,20515207,20877038,ITGB3BP,ENSG00000142856,1
chr21_42522139_G_T_b38,NFXL1,ENSG00000170448,4,8,7.367919534,8111,0.428268925,1,1,0.578573582,42522139,47847233,47914667,42422139,42622139,47747233,48014667,SLC37A1,ENSG00000160190,21
chr3_44721338_A_G_b38,NECTIN3-AS1,ENSG00000242242,3,47,183.372189,306,0.442438622,1,1,0.578573582,44721338,110888384,111071553,44621338,44821338,110788384,111171553,ZNF502,ENSG00000196653,3
chr11_14502787_G_A_b38,ARF5,ENSG00000004059,7,6,5.966160133,2169,0.480526114,1,1,0.588966648,14502787,127588386,127591700,14402787,14602787,127488386,127691700,COPB1,ENSG00000129083,11
chr1_209892800_A_C_b38,,ENSG00000204666,19,6,7.400070998,1549,0.485031357,1,1,0.588966648,209892800,50050589,50066793,209792800,209992800,49950589,50166793,SYT14,ENSG00000143469,1
chr1_21500037_C_T_b38,CTRB1,ENSG00000168925,16,5,6.048819105,2421,0.590843119,1,1,0.692712622,21500037,75218988,75226338,21400037,21600037,75118988,75326338,CELA3B,ENSG00000219073,1
chr3_123478230_T_C_b38,CMPK2,ENSG00000134326,2,4,5.235332549,2347,0.694368222,1,1,0.740782001,123478230,6840570,6866635,123378230,123578230,6740570,6966635,PARP9,ENSG00000138496,3
chr4_119026033_A_G_b38,NHLRC3,ENSG00000188811,13,4,5.268113695,325,0.704289406,1,1,0.740782001,119026033,39038306,39050109,118926033,119126033,38938306,39150109,SYNPO2,ENSG00000172403,4
chr10_9011169_C_T_b38,MSTN,ENSG00000138379,2,4,5.607085987,4976,0.712977707,1,1,0.740782001,9011169,190055700,190062729,8911169,9111169,189955700,190162729,GATA3,ENSG00000107485,10
chr3_161234486_A_C_b38,EGFLAM-AS3,ENSG00000249071,5,4,5.446651173,534,0.718994295,1,1,0.740782001,161234486,38345347,38346551,161134486,161334486,38245347,38446551,NMD3,ENSG00000169251,3
chrX_135664548_C_A_b38,,ENSG00000232817,7,1,2.839454612,1859,1,1,1,1,135664548,63388808,63393657,135564548,135764548,63288808,63493657,HTATSF1,ENSG00000102241,X
chr21_5097921_C_T_b38,GATD3A,ENSG00000160221,21,NaN,NaN,NaN,NaN,NaN,NaN,NaN,5097921,44133610,44210114,4997921,5197921,44033610,44310114,CH507-9B2,ENSG00000280071,21
chr21_43159738_G_A_b38,U2AF1L5,ENSG00000275895,21,NaN,NaN,NaN,NaN,NaN,NaN,NaN,43159738,6484623,6499261,43059738,43259738,6384623,6599261,U2AF1,ENSG00000160201,21
chr21_6122794_C_T_b38,SIK1,ENSG00000142178,21,NaN,NaN,NaN,NaN,NaN,NaN,NaN,6122794,43414483,43427131,6022794,6222794,43314483,43527131,CH507-42P11,ENSG00000275993,21
chrX_47356438_G_A_b38,LINC02442,ENSG00000256077,12,NaN,NaN,NaN,NaN,NaN,NaN,NaN,47356438,67571197,67589987,47256438,47456438,67471197,67689987,ZNF182,ENSG00000147118,X
chr10_83923649_C_T_b38,,ENSG00000231358,13,NaN,NaN,NaN,NaN,NaN,NaN,NaN,83923649,18921888,18944284,83823649,84023649,18821888,19044284,GHITM,ENSG00000165678,10
